# Insert roles
INSERT INTO ROLE (ID, NAME, DESCRIPTION, VERSION)
	VALUES (1, 'R_ADMIN', 'Admin', 0);
INSERT INTO ROLE (ID, NAME, DESCRIPTION)
	VALUES (2, 'R_MANAGER', 'Manager');
INSERT INTO ROLE (ID, NAME, DESCRIPTION)
	VALUES (3, 'R_USER', 'User');
    
# Insert user positions
INSERT INTO USER_POSITION (ID, NAME)
	VALUES (1, 'Junior Technician');
INSERT INTO USER_POSITION (ID, NAME)
	VALUES (2, 'Technician');
INSERT INTO USER_POSITION (ID, NAME)
	VALUES (3, 'Senior Technician');
INSERT INTO USER_POSITION (ID, NAME)
	VALUES (4, 'Engineer');
INSERT INTO USER_POSITION (ID, NAME)
	VALUES (5, 'Senior Engineer');
INSERT INTO USER_POSITION (ID, NAME)
	VALUES (6, 'System Operations Engineer');
INSERT INTO USER_POSITION (ID, NAME)
	VALUES (7, 'Project Manager');
    
# Insert profiles
INSERT INTO PROFILE (ID, FIRSTNAME, LASTNAME, USER_POSITION_ID)
    VALUES (1, 'Ana', 'DIACONESCU', 6);
INSERT INTO PROFILE (ID, FIRSTNAME, LASTNAME, USER_POSITION_ID)
    VALUES (2, 'Isabela', 'CONSTANTIN', 7);
INSERT INTO PROFILE (ID, FIRSTNAME, LASTNAME, USER_POSITION_ID)
    VALUES (3, 'Luiza', 'VOINEA', 7);
INSERT INTO PROFILE (ID, FIRSTNAME, LASTNAME, USER_POSITION_ID)
    VALUES (4, 'Beatrice', 'CRISTEA', 7);
INSERT INTO PROFILE (ID, FIRSTNAME, LASTNAME, USER_POSITION_ID)
    VALUES (5, 'Rodica', 'MOCANU', 7);
INSERT INTO PROFILE (ID, FIRSTNAME, LASTNAME, USER_POSITION_ID)
    VALUES (6, 'Beatrice', 'GEORGESCU', 5);
INSERT INTO PROFILE (ID, FIRSTNAME, LASTNAME, USER_POSITION_ID)
    VALUES (7, 'Bianca', 'MIHAI', 5);
INSERT INTO PROFILE (ID, FIRSTNAME, LASTNAME, USER_POSITION_ID)
    VALUES (8, 'Delia', 'PREDA', 5);
INSERT INTO PROFILE (ID, FIRSTNAME, LASTNAME, USER_POSITION_ID)
    VALUES (9, 'Delia', 'GHITA', 5);
INSERT INTO PROFILE (ID, FIRSTNAME, LASTNAME, USER_POSITION_ID)
    VALUES (10, 'Paula', 'TUDOR', 4);
INSERT INTO PROFILE (ID, FIRSTNAME, LASTNAME, USER_POSITION_ID)
    VALUES (11, 'Andrei', 'DINU', 4);
INSERT INTO PROFILE (ID, FIRSTNAME, LASTNAME, USER_POSITION_ID)
    VALUES (12, 'Doina', 'ISPAS', 4);
INSERT INTO PROFILE (ID, FIRSTNAME, LASTNAME, USER_POSITION_ID)
    VALUES (13, 'Cristian', 'MIHAI', 4);
INSERT INTO PROFILE (ID, FIRSTNAME, LASTNAME, USER_POSITION_ID)
    VALUES (14, 'Clara', 'TUDOR', 3);
INSERT INTO PROFILE (ID, FIRSTNAME, LASTNAME, USER_POSITION_ID)
    VALUES (15, 'Ilinca', 'DIACONESCU', 3);
INSERT INTO PROFILE (ID, FIRSTNAME, LASTNAME, USER_POSITION_ID)
    VALUES (16, 'Cosmin', 'CONSTANTIN', 3);
INSERT INTO PROFILE (ID, FIRSTNAME, LASTNAME, USER_POSITION_ID)
    VALUES (17, 'Emil', 'STEFAN', 3);
INSERT INTO PROFILE (ID, FIRSTNAME, LASTNAME, USER_POSITION_ID)
    VALUES (18, 'Mircea', 'DIACONU', 2);
INSERT INTO PROFILE (ID, FIRSTNAME, LASTNAME, USER_POSITION_ID)
    VALUES (19, 'Georgeta', 'MOCANU', 2);
INSERT INTO PROFILE (ID, FIRSTNAME, LASTNAME, USER_POSITION_ID)
    VALUES (20, 'Catalin', 'BARBU', 2);
INSERT INTO PROFILE (ID, FIRSTNAME, LASTNAME, USER_POSITION_ID)
    VALUES (21, 'Silviu', 'POPESCU', 2);
INSERT INTO PROFILE (ID, FIRSTNAME, LASTNAME, USER_POSITION_ID)
    VALUES (22, 'Mircea', 'POP', 1);
INSERT INTO PROFILE (ID, FIRSTNAME, LASTNAME, USER_POSITION_ID)
    VALUES (23, 'Aurel', 'GHITA', 1);
INSERT INTO PROFILE (ID, FIRSTNAME, LASTNAME, USER_POSITION_ID)
    VALUES (24, 'Laura', 'DUMITRESCU', 1);
INSERT INTO PROFILE (ID, FIRSTNAME, LASTNAME, USER_POSITION_ID)
    VALUES (25, 'Sergiu', 'FLORESCU', 1);

# Insert users
INSERT INTO USER (ID, EMAIL, PASSWORD, ENABLED, ROLE_ID, PROFILE_ID)
    VALUES (1, 'ana.diaconescu@google.com', '$2a$10$ZaicZn7O8kK8/s/hJydTTuvxsObLoSfkU9Jn8VWOHZamwZpH2NLIe', b'1', 1, 1);
INSERT INTO USER (ID, EMAIL, PASSWORD, ENABLED, ROLE_ID, PROFILE_ID)
    VALUES (2, 'isabela.constantin@aim.com', '$2a$10$ZaicZn7O8kK8/s/hJydTTuvxsObLoSfkU9Jn8VWOHZamwZpH2NLIe', b'1', 2, 2);
INSERT INTO USER (ID, EMAIL, PASSWORD, ENABLED, ROLE_ID, PROFILE_ID)
    VALUES (3, 'luiza.voinea@fastmail.com', '$2a$10$ZaicZn7O8kK8/s/hJydTTuvxsObLoSfkU9Jn8VWOHZamwZpH2NLIe', b'1', 2, 3);
INSERT INTO USER (ID, EMAIL, PASSWORD, ENABLED, ROLE_ID, PROFILE_ID)
    VALUES (4, 'beatrice.cristea@myspace.com', '$2a$10$ZaicZn7O8kK8/s/hJydTTuvxsObLoSfkU9Jn8VWOHZamwZpH2NLIe', b'1', 2, 4);
INSERT INTO USER (ID, EMAIL, PASSWORD, ENABLED, ROLE_ID, PROFILE_ID)
    VALUES (5, 'rodica.mocanu@inbox.com', '$2a$10$ZaicZn7O8kK8/s/hJydTTuvxsObLoSfkU9Jn8VWOHZamwZpH2NLIe', b'1', 2, 5);
INSERT INTO USER (ID, EMAIL, PASSWORD, ENABLED, ROLE_ID, PROFILE_ID)
    VALUES (6, 'beatrice.georgescu@aol.com', '$2a$10$ZaicZn7O8kK8/s/hJydTTuvxsObLoSfkU9Jn8VWOHZamwZpH2NLIe', b'1', 3, 6);
INSERT INTO USER (ID, EMAIL, PASSWORD, ENABLED, ROLE_ID, PROFILE_ID)
    VALUES (7, 'bianca.mihai@fanbox.com', '$2a$10$ZaicZn7O8kK8/s/hJydTTuvxsObLoSfkU9Jn8VWOHZamwZpH2NLIe', b'1', 3, 7);
INSERT INTO USER (ID, EMAIL, PASSWORD, ENABLED, ROLE_ID, PROFILE_ID)
    VALUES (8, 'delia.preda@fastmail.com', '$2a$10$ZaicZn7O8kK8/s/hJydTTuvxsObLoSfkU9Jn8VWOHZamwZpH2NLIe', b'1', 3, 8);
INSERT INTO USER (ID, EMAIL, PASSWORD, ENABLED, ROLE_ID, PROFILE_ID)
    VALUES (9, 'delia.ghita@myrealbox.com', '$2a$10$ZaicZn7O8kK8/s/hJydTTuvxsObLoSfkU9Jn8VWOHZamwZpH2NLIe', b'1', 3, 9);
INSERT INTO USER (ID, EMAIL, PASSWORD, ENABLED, ROLE_ID, PROFILE_ID)
    VALUES (10, 'paula.tudor@inbox.com', '$2a$10$ZaicZn7O8kK8/s/hJydTTuvxsObLoSfkU9Jn8VWOHZamwZpH2NLIe', b'1', 3, 10);
INSERT INTO USER (ID, EMAIL, PASSWORD, ENABLED, ROLE_ID, PROFILE_ID)
    VALUES (11, 'andrei.dinu@gmx.com', '$2a$10$ZaicZn7O8kK8/s/hJydTTuvxsObLoSfkU9Jn8VWOHZamwZpH2NLIe', b'1', 3, 11);
INSERT INTO USER (ID, EMAIL, PASSWORD, ENABLED, ROLE_ID, PROFILE_ID)
    VALUES (12, 'doina.ispas@lavabit.com', '$2a$10$ZaicZn7O8kK8/s/hJydTTuvxsObLoSfkU9Jn8VWOHZamwZpH2NLIe', b'1', 3, 12);
INSERT INTO USER (ID, EMAIL, PASSWORD, ENABLED, ROLE_ID, PROFILE_ID)
    VALUES (13, 'cristian.mihai@gmx.com', '$2a$10$ZaicZn7O8kK8/s/hJydTTuvxsObLoSfkU9Jn8VWOHZamwZpH2NLIe', b'1', 3, 13);
INSERT INTO USER (ID, EMAIL, PASSWORD, ENABLED, ROLE_ID, PROFILE_ID)
    VALUES (14, 'clara.tudor@aim.com', '$2a$10$ZaicZn7O8kK8/s/hJydTTuvxsObLoSfkU9Jn8VWOHZamwZpH2NLIe', b'1', 3, 14);
INSERT INTO USER (ID, EMAIL, PASSWORD, ENABLED, ROLE_ID, PROFILE_ID)
    VALUES (15, 'ilinca.diaconescu@yahoo.com', '$2a$10$ZaicZn7O8kK8/s/hJydTTuvxsObLoSfkU9Jn8VWOHZamwZpH2NLIe', b'1', 3, 15);
INSERT INTO USER (ID, EMAIL, PASSWORD, ENABLED, ROLE_ID, PROFILE_ID)
    VALUES (16, 'cosmin.constantin@live.com', '$2a$10$ZaicZn7O8kK8/s/hJydTTuvxsObLoSfkU9Jn8VWOHZamwZpH2NLIe', b'1', 3, 16);
INSERT INTO USER (ID, EMAIL, PASSWORD, ENABLED, ROLE_ID, PROFILE_ID)
    VALUES (17, 'emil.stefan@zapak.com', '$2a$10$ZaicZn7O8kK8/s/hJydTTuvxsObLoSfkU9Jn8VWOHZamwZpH2NLIe', b'1', 3, 17);
INSERT INTO USER (ID, EMAIL, PASSWORD, ENABLED, ROLE_ID, PROFILE_ID)
    VALUES (18, 'mircea.diaconu@hotmail.com', '$2a$10$ZaicZn7O8kK8/s/hJydTTuvxsObLoSfkU9Jn8VWOHZamwZpH2NLIe', b'1', 3, 18);
INSERT INTO USER (ID, EMAIL, PASSWORD, ENABLED, ROLE_ID, PROFILE_ID)
    VALUES (19, 'georgeta.mocanu@in.com', '$2a$10$ZaicZn7O8kK8/s/hJydTTuvxsObLoSfkU9Jn8VWOHZamwZpH2NLIe', b'1', 3, 19);
INSERT INTO USER (ID, EMAIL, PASSWORD, ENABLED, ROLE_ID, PROFILE_ID)
    VALUES (20, 'catalin.barbu@live.com', '$2a$10$ZaicZn7O8kK8/s/hJydTTuvxsObLoSfkU9Jn8VWOHZamwZpH2NLIe', b'1', 3, 20);
INSERT INTO USER (ID, EMAIL, PASSWORD, ENABLED, ROLE_ID, PROFILE_ID)
    VALUES (21, 'silviu.popescu@myrealbox.com', '$2a$10$ZaicZn7O8kK8/s/hJydTTuvxsObLoSfkU9Jn8VWOHZamwZpH2NLIe', b'1', 3, 21);
INSERT INTO USER (ID, EMAIL, PASSWORD, ENABLED, ROLE_ID, PROFILE_ID)
    VALUES (22, 'mircea.pop@bigstring.com', '$2a$10$ZaicZn7O8kK8/s/hJydTTuvxsObLoSfkU9Jn8VWOHZamwZpH2NLIe', b'1', 3, 22);
INSERT INTO USER (ID, EMAIL, PASSWORD, ENABLED, ROLE_ID, PROFILE_ID)
    VALUES (23, 'aurel.ghita@live.com', '$2a$10$ZaicZn7O8kK8/s/hJydTTuvxsObLoSfkU9Jn8VWOHZamwZpH2NLIe', b'1', 3, 23);
INSERT INTO USER (ID, EMAIL, PASSWORD, ENABLED, ROLE_ID, PROFILE_ID)
    VALUES (24, 'laura.dumitrescu@email.com', '$2a$10$ZaicZn7O8kK8/s/hJydTTuvxsObLoSfkU9Jn8VWOHZamwZpH2NLIe', b'1', 3, 24);
INSERT INTO USER (ID, EMAIL, PASSWORD, ENABLED, ROLE_ID, PROFILE_ID)
    VALUES (25, 'sergiu.florescu@myspace.com', '$2a$10$ZaicZn7O8kK8/s/hJydTTuvxsObLoSfkU9Jn8VWOHZamwZpH2NLIe', b'1', 3, 25);


# Insert skill_category
INSERT INTO SKILL_CATEGORY(ID, NAME, VERSION, CREATED) VALUES ('1', 'Technical skill', '0', '2016-03-26 19:08:10');
INSERT INTO SKILL_CATEGORY(ID, NAME, VERSION, CREATED) VALUES ('2', 'Business analysis skill', '0', '2016-03-26 19:08:10');
INSERT INTO SKILL_CATEGORY(ID, NAME, VERSION, CREATED) VALUES ('3', 'Project management skill', '0', '2016-03-26 19:08:10');
INSERT INTO SKILL_CATEGORY(ID, NAME, VERSION, CREATED) VALUES ('4', 'Communication skill', '0', '2016-03-26 19:08:10');
INSERT INTO SKILL_CATEGORY(ID, NAME, VERSION, CREATED) VALUES ('5', 'Behavioural skill', '0', '2016-03-26 19:08:10');

# Insert skill
INSERT INTO SKILL (`ID`, `NAME`, `VERSION`, `CREATED`, `SKILL_CATEGORY_ID`) VALUES ('1', 'Java', '0', '2016-03-26 19:08:10', '1');
INSERT INTO SKILL (`ID`, `NAME`, `VERSION`, `CREATED`, `SKILL_CATEGORY_ID`) VALUES ('2', 'Spring', '0', '2016-03-26 19:08:10', '1');
INSERT INTO SKILL (`ID`, `NAME`, `VERSION`, `CREATED`, `SKILL_CATEGORY_ID`) VALUES ('3', 'EJB', '0', '2016-03-26 19:08:10', '1');
INSERT INTO SKILL (`ID`, `NAME`, `VERSION`, `CREATED`, `SKILL_CATEGORY_ID`) VALUES ('4', 'Spring Security', '0', '2016-03-26 19:08:10', '1');
INSERT INTO SKILL (`ID`, `NAME`, `VERSION`, `CREATED`, `SKILL_CATEGORY_ID`) VALUES ('5', 'JSP', '0', '2016-03-26 19:08:10', '1');
INSERT INTO SKILL (`ID`, `NAME`, `VERSION`, `CREATED`, `SKILL_CATEGORY_ID`) VALUES ('6', 'JSF', '0', '2016-03-26 19:08:10', '1');
INSERT INTO SKILL (`ID`, `NAME`, `VERSION`, `CREATED`, `SKILL_CATEGORY_ID`) VALUES ('7', 'Spring Integration', '0', '2016-03-26 19:08:10', '1');
INSERT INTO SKILL (`ID`, `NAME`, `VERSION`, `CREATED`, `SKILL_CATEGORY_ID`) VALUES ('8', 'Junit', '0', '2016-03-26 19:08:10', '1');
INSERT INTO SKILL (`ID`, `NAME`, `VERSION`, `CREATED`, `SKILL_CATEGORY_ID`) VALUES ('9', 'Hibernate', '0', '2016-03-26 19:08:10', '1');
INSERT INTO SKILL (`ID`, `NAME`, `VERSION`, `CREATED`, `SKILL_CATEGORY_ID`) VALUES ('10', 'Struts', '0', '2016-03-26 19:08:10', '1');
INSERT INTO SKILL (`ID`, `NAME`, `VERSION`, `CREATED`, `SKILL_CATEGORY_ID`) VALUES ('11', 'PHP', '0', '2016-03-26 19:08:10', '1');
INSERT INTO SKILL (`ID`, `NAME`, `VERSION`, `CREATED`, `SKILL_CATEGORY_ID`) VALUES ('12', 'Python', '0', '2016-03-26 19:08:10', '1');
INSERT INTO SKILL (`ID`, `NAME`, `VERSION`, `CREATED`, `SKILL_CATEGORY_ID`) VALUES ('13', 'Perl', '0', '2016-03-26 19:08:10', '1');
INSERT INTO SKILL (`ID`, `NAME`, `VERSION`, `CREATED`, `SKILL_CATEGORY_ID`) VALUES ('14', 'JavaScript', '0', '2016-03-26 19:08:10', '1');
INSERT INTO SKILL (`ID`, `NAME`, `VERSION`, `CREATED`, `SKILL_CATEGORY_ID`) VALUES ('15', 'AngularJS', '0', '2016-03-26 19:08:10', '1');
INSERT INTO SKILL (`ID`, `NAME`, `VERSION`, `CREATED`, `SKILL_CATEGORY_ID`) VALUES ('16', 'C#', '0', '2016-03-26 19:08:10', '1');
INSERT INTO SKILL (`ID`, `NAME`, `VERSION`, `CREATED`, `SKILL_CATEGORY_ID`) VALUES ('17', 'C++', '0', '2016-03-26 19:08:10', '1');
INSERT INTO SKILL (`ID`, `NAME`, `VERSION`, `CREATED`, `SKILL_CATEGORY_ID`) VALUES ('18', 'Oracle', '0', '2016-03-26 19:08:10', '1');
INSERT INTO SKILL (`ID`, `NAME`, `VERSION`, `CREATED`, `SKILL_CATEGORY_ID`) VALUES ('19', 'MySQL', '0', '2016-03-26 19:08:10', '1');
INSERT INTO SKILL (`ID`, `NAME`, `VERSION`, `CREATED`, `SKILL_CATEGORY_ID`) VALUES ('20', 'MongoDB', '0', '2016-03-26 19:08:10', '1');

INSERT INTO SKILL (`ID`, `NAME`, `VERSION`, `CREATED`, `SKILL_CATEGORY_ID`) VALUES ('21', 'Finance', '0', '2016-03-26 19:08:10', '2');
INSERT INTO SKILL (`ID`, `NAME`, `VERSION`, `CREATED`, `SKILL_CATEGORY_ID`) VALUES ('22', 'Insurance', '0', '2016-03-26 19:08:10', '2');
INSERT INTO SKILL (`ID`, `NAME`, `VERSION`, `CREATED`, `SKILL_CATEGORY_ID`) VALUES ('23', 'Multimedia', '0', '2016-03-26 19:08:10', '2');
INSERT INTO SKILL (`ID`, `NAME`, `VERSION`, `CREATED`, `SKILL_CATEGORY_ID`) VALUES ('24', 'Public Relations ', '0', '2016-03-26 19:08:10', '2');
INSERT INTO SKILL (`ID`, `NAME`, `VERSION`, `CREATED`, `SKILL_CATEGORY_ID`) VALUES ('25', 'Business Intelligence, Reporting ', '0', '2016-03-26 19:08:10', '2');

INSERT INTO SKILL (`ID`, `NAME`, `VERSION`, `CREATED`, `SKILL_CATEGORY_ID`) VALUES ('26', 'Client communication ', '0', '2016-03-26 19:08:10', '4');
INSERT INTO SKILL (`ID`, `NAME`, `VERSION`, `CREATED`, `SKILL_CATEGORY_ID`) VALUES ('27', 'Public Speaking ', '0', '2016-03-26 19:08:10', '4');
INSERT INTO SKILL (`ID`, `NAME`, `VERSION`, `CREATED`, `SKILL_CATEGORY_ID`) VALUES ('28', 'English Proficiency ', '0', '2016-03-26 19:08:10', '4');

INSERT INTO SKILL (`ID`, `NAME`, `VERSION`, `CREATED`, `SKILL_CATEGORY_ID`) VALUES ('29', 'Team cooperation ', '0', '2016-03-26 19:08:10', '5');
INSERT INTO SKILL (`ID`, `NAME`, `VERSION`, `CREATED`, `SKILL_CATEGORY_ID`) VALUES ('30', 'Open minded ', '0', '2016-03-26 19:08:10', '5');

INSERT INTO SKILL (`ID`, `NAME`, `VERSION`, `CREATED`, `SKILL_CATEGORY_ID`) VALUES ('31', 'Jira ', '0', '2016-03-26 19:08:10', '3');
INSERT INTO SKILL (`ID`, `NAME`, `VERSION`, `CREATED`, `SKILL_CATEGORY_ID`) VALUES ('32', 'Microsoft Project ', '0', '2016-03-26 19:08:10', '3');
INSERT INTO SKILL (`ID`, `NAME`, `VERSION`, `CREATED`, `SKILL_CATEGORY_ID`) VALUES ('33', 'Excel ', '0', '2016-03-26 19:08:10', '3');

#Insert profile skill
INSERT INTO PROFILE_has_SKILL (`ID`, `PROFILE_ID`, `SKILL_ID`, `SCORE`, `VERSION`, `CREATED`) VALUES ('1', '1', '2', '7.0', '0', '2016-03-26 19:08:10');
INSERT INTO PROFILE_has_SKILL (`ID`, `PROFILE_ID`, `SKILL_ID`, `SCORE`, `VERSION`, `CREATED`) VALUES ('2', '1', '5', '3.0', '0', '2016-03-26 19:08:10');
INSERT INTO PROFILE_has_SKILL (`ID`, `PROFILE_ID`, `SKILL_ID`, `SCORE`, `VERSION`, `CREATED`) VALUES ('3', '1', '3', '5.0', '0', '2016-03-26 19:08:10');
INSERT INTO PROFILE_has_SKILL (`ID`, `PROFILE_ID`, `SKILL_ID`, `SCORE`, `VERSION`, `CREATED`) VALUES ('4', '1', '13', '2.0', '0', '2016-03-26 19:08:10');
INSERT INTO PROFILE_has_SKILL (`ID`, `PROFILE_ID`, `SKILL_ID`, `SCORE`, `VERSION`, `CREATED`) VALUES ('5', '1', '17', '4.0', '0', '2016-03-26 19:08:10');
INSERT INTO PROFILE_has_SKILL (`ID`, `PROFILE_ID`, `SKILL_ID`, `SCORE`, `VERSION`, `CREATED`) VALUES ('6', '1', '32', '6.0', '0', '2016-03-26 19:08:10');
INSERT INTO PROFILE_has_SKILL (`ID`, `PROFILE_ID`, `SKILL_ID`, `SCORE`, `VERSION`, `CREATED`) VALUES ('7', '1', '28', '5.0', '0', '2016-03-26 19:08:10');
INSERT INTO PROFILE_has_SKILL (`ID`, `PROFILE_ID`, `SKILL_ID`, `SCORE`, `VERSION`, `CREATED`) VALUES ('8', '1', '22', '8.0', '0', '2016-03-26 19:08:10');
INSERT INTO PROFILE_has_SKILL (`ID`, `PROFILE_ID`, `SKILL_ID`, `SCORE`, `VERSION`, `CREATED`) VALUES ('9', '1', '13', '5.0', '0', '2016-03-26 19:08:10');
INSERT INTO PROFILE_has_SKILL (`ID`, `PROFILE_ID`, `SKILL_ID`, `SCORE`, `VERSION`, `CREATED`) VALUES ('10', '1', '16', '6.0', '0', '2016-03-26 19:08:10');

INSERT INTO PROFILE_has_SKILL (`ID`, `PROFILE_ID`, `SKILL_ID`, `SCORE`, `VERSION`, `CREATED`) VALUES ('11', '2', '8', '4.0', '0', '2016-03-26 19:08:10');
INSERT INTO PROFILE_has_SKILL (`ID`, `PROFILE_ID`, `SKILL_ID`, `SCORE`, `VERSION`, `CREATED`) VALUES ('12', '2', '32', '7.0', '0', '2016-03-26 19:08:10');
INSERT INTO PROFILE_has_SKILL (`ID`, `PROFILE_ID`, `SKILL_ID`, `SCORE`, `VERSION`, `CREATED`) VALUES ('13', '2', '8', '2.0', '0', '2016-03-26 19:08:10');
INSERT INTO PROFILE_has_SKILL (`ID`, `PROFILE_ID`, `SKILL_ID`, `SCORE`, `VERSION`, `CREATED`) VALUES ('14', '2', '19', '7.0', '0', '2016-03-26 19:08:10');
INSERT INTO PROFILE_has_SKILL (`ID`, `PROFILE_ID`, `SKILL_ID`, `SCORE`, `VERSION`, `CREATED`) VALUES ('15', '2', '8', '1.0', '0', '2016-03-26 19:08:10');
INSERT INTO PROFILE_has_SKILL (`ID`, `PROFILE_ID`, `SKILL_ID`, `SCORE`, `VERSION`, `CREATED`) VALUES ('16', '2', '27', '3.0', '0', '2016-03-26 19:08:10');
INSERT INTO PROFILE_has_SKILL (`ID`, `PROFILE_ID`, `SKILL_ID`, `SCORE`, `VERSION`, `CREATED`) VALUES ('17', '2', '32', '5.0', '0', '2016-03-26 19:08:10');
INSERT INTO PROFILE_has_SKILL (`ID`, `PROFILE_ID`, `SKILL_ID`, `SCORE`, `VERSION`, `CREATED`) VALUES ('18', '2', '10', '0.0', '0', '2016-03-26 19:08:10');
INSERT INTO PROFILE_has_SKILL (`ID`, `PROFILE_ID`, `SKILL_ID`, `SCORE`, `VERSION`, `CREATED`) VALUES ('19', '2', '1', '7.0', '0', '2016-03-26 19:08:10');
INSERT INTO PROFILE_has_SKILL (`ID`, `PROFILE_ID`, `SKILL_ID`, `SCORE`, `VERSION`, `CREATED`) VALUES ('20', '2', '9', '4.0', '0', '2016-03-26 19:08:10');

INSERT INTO PROFILE_has_SKILL (`ID`, `PROFILE_ID`, `SKILL_ID`, `SCORE`, `VERSION`, `CREATED`) VALUES ('21', '3', '12', '4.0', '0', '2016-03-26 19:08:10');
INSERT INTO PROFILE_has_SKILL (`ID`, `PROFILE_ID`, `SKILL_ID`, `SCORE`, `VERSION`, `CREATED`) VALUES ('22', '3', '32', '3.0', '0', '2016-03-26 19:08:10');
INSERT INTO PROFILE_has_SKILL (`ID`, `PROFILE_ID`, `SKILL_ID`, `SCORE`, `VERSION`, `CREATED`) VALUES ('23', '3', '1', '2.0', '0', '2016-03-26 19:08:10');
INSERT INTO PROFILE_has_SKILL (`ID`, `PROFILE_ID`, `SKILL_ID`, `SCORE`, `VERSION`, `CREATED`) VALUES ('24', '3', '1', '3.0', '0', '2016-03-26 19:08:10');
INSERT INTO PROFILE_has_SKILL (`ID`, `PROFILE_ID`, `SKILL_ID`, `SCORE`, `VERSION`, `CREATED`) VALUES ('25', '3', '1', '1.0', '0', '2016-03-26 19:08:10');
INSERT INTO PROFILE_has_SKILL (`ID`, `PROFILE_ID`, `SKILL_ID`, `SCORE`, `VERSION`, `CREATED`) VALUES ('26', '3', '29', '5.0', '0', '2016-03-26 19:08:10');
INSERT INTO PROFILE_has_SKILL (`ID`, `PROFILE_ID`, `SKILL_ID`, `SCORE`, `VERSION`, `CREATED`) VALUES ('27', '3', '16', '0.0', '0', '2016-03-26 19:08:10');
INSERT INTO PROFILE_has_SKILL (`ID`, `PROFILE_ID`, `SKILL_ID`, `SCORE`, `VERSION`, `CREATED`) VALUES ('28', '3', '19', '2.0', '0', '2016-03-26 19:08:10');
INSERT INTO PROFILE_has_SKILL (`ID`, `PROFILE_ID`, `SKILL_ID`, `SCORE`, `VERSION`, `CREATED`) VALUES ('29', '3', '18', '8.0', '0', '2016-03-26 19:08:10');
INSERT INTO PROFILE_has_SKILL (`ID`, `PROFILE_ID`, `SKILL_ID`, `SCORE`, `VERSION`, `CREATED`) VALUES ('30', '3', '2', '0.0', '0', '2016-03-26 19:08:10');

INSERT INTO PROFILE_has_SKILL (`ID`, `PROFILE_ID`, `SKILL_ID`, `SCORE`, `VERSION`, `CREATED`) VALUES ('31', '4', '6', '0.0', '0', '2016-03-26 19:08:10');
INSERT INTO PROFILE_has_SKILL (`ID`, `PROFILE_ID`, `SKILL_ID`, `SCORE`, `VERSION`, `CREATED`) VALUES ('32', '4', '18', '5.0', '0', '2016-03-26 19:08:10');
INSERT INTO PROFILE_has_SKILL (`ID`, `PROFILE_ID`, `SKILL_ID`, `SCORE`, `VERSION`, `CREATED`) VALUES ('33', '4', '15', '1.0', '0', '2016-03-26 19:08:10');
INSERT INTO PROFILE_has_SKILL (`ID`, `PROFILE_ID`, `SKILL_ID`, `SCORE`, `VERSION`, `CREATED`) VALUES ('34', '4', '32', '1.0', '0', '2016-03-26 19:08:10');
INSERT INTO PROFILE_has_SKILL (`ID`, `PROFILE_ID`, `SKILL_ID`, `SCORE`, `VERSION`, `CREATED`) VALUES ('35', '4', '32', '2.0', '0', '2016-03-26 19:08:10');
INSERT INTO PROFILE_has_SKILL (`ID`, `PROFILE_ID`, `SKILL_ID`, `SCORE`, `VERSION`, `CREATED`) VALUES ('36', '4', '1', '6.0', '0', '2016-03-26 19:08:10');
INSERT INTO PROFILE_has_SKILL (`ID`, `PROFILE_ID`, `SKILL_ID`, `SCORE`, `VERSION`, `CREATED`) VALUES ('37', '4', '31', '0.0', '0', '2016-03-26 19:08:10');
INSERT INTO PROFILE_has_SKILL (`ID`, `PROFILE_ID`, `SKILL_ID`, `SCORE`, `VERSION`, `CREATED`) VALUES ('38', '4', '20', '1.0', '0', '2016-03-26 19:08:10');
INSERT INTO PROFILE_has_SKILL (`ID`, `PROFILE_ID`, `SKILL_ID`, `SCORE`, `VERSION`, `CREATED`) VALUES ('39', '4', '2', '2.0', '0', '2016-03-26 19:08:10');
INSERT INTO PROFILE_has_SKILL (`ID`, `PROFILE_ID`, `SKILL_ID`, `SCORE`, `VERSION`, `CREATED`) VALUES ('40', '4', '18', '2.0', '0', '2016-03-26 19:08:10');

INSERT INTO PROFILE_has_SKILL (`ID`, `PROFILE_ID`, `SKILL_ID`, `SCORE`, `VERSION`, `CREATED`) VALUES ('41', '5', '8', '6.0', '0', '2016-03-26 19:08:10');
INSERT INTO PROFILE_has_SKILL (`ID`, `PROFILE_ID`, `SKILL_ID`, `SCORE`, `VERSION`, `CREATED`) VALUES ('42', '5', '3', '0.0', '0', '2016-03-26 19:08:10');
INSERT INTO PROFILE_has_SKILL (`ID`, `PROFILE_ID`, `SKILL_ID`, `SCORE`, `VERSION`, `CREATED`) VALUES ('43', '5', '4', '4.0', '0', '2016-03-26 19:08:10');
INSERT INTO PROFILE_has_SKILL (`ID`, `PROFILE_ID`, `SKILL_ID`, `SCORE`, `VERSION`, `CREATED`) VALUES ('44', '5', '29', '5.0', '0', '2016-03-26 19:08:10');
INSERT INTO PROFILE_has_SKILL (`ID`, `PROFILE_ID`, `SKILL_ID`, `SCORE`, `VERSION`, `CREATED`) VALUES ('45', '5', '16', '0.0', '0', '2016-03-26 19:08:10');
INSERT INTO PROFILE_has_SKILL (`ID`, `PROFILE_ID`, `SKILL_ID`, `SCORE`, `VERSION`, `CREATED`) VALUES ('46', '5', '3', '1.0', '0', '2016-03-26 19:08:10');
INSERT INTO PROFILE_has_SKILL (`ID`, `PROFILE_ID`, `SKILL_ID`, `SCORE`, `VERSION`, `CREATED`) VALUES ('47', '5', '28', '1.0', '0', '2016-03-26 19:08:10');
INSERT INTO PROFILE_has_SKILL (`ID`, `PROFILE_ID`, `SKILL_ID`, `SCORE`, `VERSION`, `CREATED`) VALUES ('48', '5', '7', '5.0', '0', '2016-03-26 19:08:10');
INSERT INTO PROFILE_has_SKILL (`ID`, `PROFILE_ID`, `SKILL_ID`, `SCORE`, `VERSION`, `CREATED`) VALUES ('49', '5', '8', '3.0', '0', '2016-03-26 19:08:10');
INSERT INTO PROFILE_has_SKILL (`ID`, `PROFILE_ID`, `SKILL_ID`, `SCORE`, `VERSION`, `CREATED`) VALUES ('50', '5', '7', '8.0', '0', '2016-03-26 19:08:10');

INSERT INTO PROFILE_has_SKILL (`ID`, `PROFILE_ID`, `SKILL_ID`, `SCORE`, `VERSION`, `CREATED`) VALUES ('51', '6', '3', '1.0', '0', '2016-03-26 19:08:10');
INSERT INTO PROFILE_has_SKILL (`ID`, `PROFILE_ID`, `SKILL_ID`, `SCORE`, `VERSION`, `CREATED`) VALUES ('52', '6', '20', '3.0', '0', '2016-03-26 19:08:10');
INSERT INTO PROFILE_has_SKILL (`ID`, `PROFILE_ID`, `SKILL_ID`, `SCORE`, `VERSION`, `CREATED`) VALUES ('53', '6', '6', '1.0', '0', '2016-03-26 19:08:10');
INSERT INTO PROFILE_has_SKILL (`ID`, `PROFILE_ID`, `SKILL_ID`, `SCORE`, `VERSION`, `CREATED`) VALUES ('54', '6', '1', '1.0', '0', '2016-03-26 19:08:10');
INSERT INTO PROFILE_has_SKILL (`ID`, `PROFILE_ID`, `SKILL_ID`, `SCORE`, `VERSION`, `CREATED`) VALUES ('55', '6', '1', '6.0', '0', '2016-03-26 19:08:10');
INSERT INTO PROFILE_has_SKILL (`ID`, `PROFILE_ID`, `SKILL_ID`, `SCORE`, `VERSION`, `CREATED`) VALUES ('56', '6', '24', '2.0', '0', '2016-03-26 19:08:10');
INSERT INTO PROFILE_has_SKILL (`ID`, `PROFILE_ID`, `SKILL_ID`, `SCORE`, `VERSION`, `CREATED`) VALUES ('57', '6', '25', '1.0', '0', '2016-03-26 19:08:10');
INSERT INTO PROFILE_has_SKILL (`ID`, `PROFILE_ID`, `SKILL_ID`, `SCORE`, `VERSION`, `CREATED`) VALUES ('58', '6', '24', '5.0', '0', '2016-03-26 19:08:10');
INSERT INTO PROFILE_has_SKILL (`ID`, `PROFILE_ID`, `SKILL_ID`, `SCORE`, `VERSION`, `CREATED`) VALUES ('59', '6', '17', '5.0', '0', '2016-03-26 19:08:10');
INSERT INTO PROFILE_has_SKILL (`ID`, `PROFILE_ID`, `SKILL_ID`, `SCORE`, `VERSION`, `CREATED`) VALUES ('60', '6', '23', '3.0', '0', '2016-03-26 19:08:10');

INSERT INTO PROFILE_has_SKILL (`ID`, `PROFILE_ID`, `SKILL_ID`, `SCORE`, `VERSION`, `CREATED`) VALUES ('61', '7', '14', '5.0', '0', '2016-03-26 19:08:10');
INSERT INTO PROFILE_has_SKILL (`ID`, `PROFILE_ID`, `SKILL_ID`, `SCORE`, `VERSION`, `CREATED`) VALUES ('62', '7', '13', '0.0', '0', '2016-03-26 19:08:10');
INSERT INTO PROFILE_has_SKILL (`ID`, `PROFILE_ID`, `SKILL_ID`, `SCORE`, `VERSION`, `CREATED`) VALUES ('63', '7', '17', '0.0', '0', '2016-03-26 19:08:10');
INSERT INTO PROFILE_has_SKILL (`ID`, `PROFILE_ID`, `SKILL_ID`, `SCORE`, `VERSION`, `CREATED`) VALUES ('64', '7', '20', '8.0', '0', '2016-03-26 19:08:10');
INSERT INTO PROFILE_has_SKILL (`ID`, `PROFILE_ID`, `SKILL_ID`, `SCORE`, `VERSION`, `CREATED`) VALUES ('65', '7', '30', '6.0', '0', '2016-03-26 19:08:10');
INSERT INTO PROFILE_has_SKILL (`ID`, `PROFILE_ID`, `SKILL_ID`, `SCORE`, `VERSION`, `CREATED`) VALUES ('66', '7', '28', '4.0', '0', '2016-03-26 19:08:10');
INSERT INTO PROFILE_has_SKILL (`ID`, `PROFILE_ID`, `SKILL_ID`, `SCORE`, `VERSION`, `CREATED`) VALUES ('67', '7', '31', '8.0', '0', '2016-03-26 19:08:10');
INSERT INTO PROFILE_has_SKILL (`ID`, `PROFILE_ID`, `SKILL_ID`, `SCORE`, `VERSION`, `CREATED`) VALUES ('68', '7', '11', '5.0', '0', '2016-03-26 19:08:10');
INSERT INTO PROFILE_has_SKILL (`ID`, `PROFILE_ID`, `SKILL_ID`, `SCORE`, `VERSION`, `CREATED`) VALUES ('69', '7', '4', '5.0', '0', '2016-03-26 19:08:10');
INSERT INTO PROFILE_has_SKILL (`ID`, `PROFILE_ID`, `SKILL_ID`, `SCORE`, `VERSION`, `CREATED`) VALUES ('70', '7', '32', '1.0', '0', '2016-03-26 19:08:10');

INSERT INTO PROFILE_has_SKILL (`ID`, `PROFILE_ID`, `SKILL_ID`, `SCORE`, `VERSION`, `CREATED`) VALUES ('71', '8', '4', '1.0', '0', '2016-03-26 19:08:10');
INSERT INTO PROFILE_has_SKILL (`ID`, `PROFILE_ID`, `SKILL_ID`, `SCORE`, `VERSION`, `CREATED`) VALUES ('72', '8', '1', '3.0', '0', '2016-03-26 19:08:10');
INSERT INTO PROFILE_has_SKILL (`ID`, `PROFILE_ID`, `SKILL_ID`, `SCORE`, `VERSION`, `CREATED`) VALUES ('73', '8', '22', '6.0', '0', '2016-03-26 19:08:10');
INSERT INTO PROFILE_has_SKILL (`ID`, `PROFILE_ID`, `SKILL_ID`, `SCORE`, `VERSION`, `CREATED`) VALUES ('74', '8', '9', '5.0', '0', '2016-03-26 19:08:10');
INSERT INTO PROFILE_has_SKILL (`ID`, `PROFILE_ID`, `SKILL_ID`, `SCORE`, `VERSION`, `CREATED`) VALUES ('75', '8', '22', '9.0', '0', '2016-03-26 19:08:10');
INSERT INTO PROFILE_has_SKILL (`ID`, `PROFILE_ID`, `SKILL_ID`, `SCORE`, `VERSION`, `CREATED`) VALUES ('76', '8', '30', '7.0', '0', '2016-03-26 19:08:10');
INSERT INTO PROFILE_has_SKILL (`ID`, `PROFILE_ID`, `SKILL_ID`, `SCORE`, `VERSION`, `CREATED`) VALUES ('77', '8', '16', '9.0', '0', '2016-03-26 19:08:10');
INSERT INTO PROFILE_has_SKILL (`ID`, `PROFILE_ID`, `SKILL_ID`, `SCORE`, `VERSION`, `CREATED`) VALUES ('78', '8', '7', '2.0', '0', '2016-03-26 19:08:10');
INSERT INTO PROFILE_has_SKILL (`ID`, `PROFILE_ID`, `SKILL_ID`, `SCORE`, `VERSION`, `CREATED`) VALUES ('79', '8', '26', '7.0', '0', '2016-03-26 19:08:10');
INSERT INTO PROFILE_has_SKILL (`ID`, `PROFILE_ID`, `SKILL_ID`, `SCORE`, `VERSION`, `CREATED`) VALUES ('80', '8', '4', '3.0', '0', '2016-03-26 19:08:10');

INSERT INTO PROFILE_has_SKILL (`ID`, `PROFILE_ID`, `SKILL_ID`, `SCORE`, `VERSION`, `CREATED`) VALUES ('81', '9', '24', '7.0', '0', '2016-03-26 19:08:10');
INSERT INTO PROFILE_has_SKILL (`ID`, `PROFILE_ID`, `SKILL_ID`, `SCORE`, `VERSION`, `CREATED`) VALUES ('82', '9', '4', '2.0', '0', '2016-03-26 19:08:10');
INSERT INTO PROFILE_has_SKILL (`ID`, `PROFILE_ID`, `SKILL_ID`, `SCORE`, `VERSION`, `CREATED`) VALUES ('83', '9', '2', '9.0', '0', '2016-03-26 19:08:10');
INSERT INTO PROFILE_has_SKILL (`ID`, `PROFILE_ID`, `SKILL_ID`, `SCORE`, `VERSION`, `CREATED`) VALUES ('84', '9', '26', '9.0', '0', '2016-03-26 19:08:10');
INSERT INTO PROFILE_has_SKILL (`ID`, `PROFILE_ID`, `SKILL_ID`, `SCORE`, `VERSION`, `CREATED`) VALUES ('85', '9', '31', '4.0', '0', '2016-03-26 19:08:10');
INSERT INTO PROFILE_has_SKILL (`ID`, `PROFILE_ID`, `SKILL_ID`, `SCORE`, `VERSION`, `CREATED`) VALUES ('86', '9', '10', '7.0', '0', '2016-03-26 19:08:10');
INSERT INTO PROFILE_has_SKILL (`ID`, `PROFILE_ID`, `SKILL_ID`, `SCORE`, `VERSION`, `CREATED`) VALUES ('87', '9', '31', '7.0', '0', '2016-03-26 19:08:10');
INSERT INTO PROFILE_has_SKILL (`ID`, `PROFILE_ID`, `SKILL_ID`, `SCORE`, `VERSION`, `CREATED`) VALUES ('88', '9', '8', '8.0', '0', '2016-03-26 19:08:10');
INSERT INTO PROFILE_has_SKILL (`ID`, `PROFILE_ID`, `SKILL_ID`, `SCORE`, `VERSION`, `CREATED`) VALUES ('89', '9', '23', '7.0', '0', '2016-03-26 19:08:10');
INSERT INTO PROFILE_has_SKILL (`ID`, `PROFILE_ID`, `SKILL_ID`, `SCORE`, `VERSION`, `CREATED`) VALUES ('90', '9', '18', '5.0', '0', '2016-03-26 19:08:10');

INSERT INTO PROFILE_has_SKILL (`ID`, `PROFILE_ID`, `SKILL_ID`, `SCORE`, `VERSION`, `CREATED`) VALUES ('91', '10', '28', '0.0', '0', '2016-03-26 19:08:10');
INSERT INTO PROFILE_has_SKILL (`ID`, `PROFILE_ID`, `SKILL_ID`, `SCORE`, `VERSION`, `CREATED`) VALUES ('92', '10', '21', '6.0', '0', '2016-03-26 19:08:10');
INSERT INTO PROFILE_has_SKILL (`ID`, `PROFILE_ID`, `SKILL_ID`, `SCORE`, `VERSION`, `CREATED`) VALUES ('93', '10', '21', '8.0', '0', '2016-03-26 19:08:10');
INSERT INTO PROFILE_has_SKILL (`ID`, `PROFILE_ID`, `SKILL_ID`, `SCORE`, `VERSION`, `CREATED`) VALUES ('94', '10', '3', '1.0', '0', '2016-03-26 19:08:10');
INSERT INTO PROFILE_has_SKILL (`ID`, `PROFILE_ID`, `SKILL_ID`, `SCORE`, `VERSION`, `CREATED`) VALUES ('95', '10', '7', '4.0', '0', '2016-03-26 19:08:10');
INSERT INTO PROFILE_has_SKILL (`ID`, `PROFILE_ID`, `SKILL_ID`, `SCORE`, `VERSION`, `CREATED`) VALUES ('96', '10', '8', '1.0', '0', '2016-03-26 19:08:10');
INSERT INTO PROFILE_has_SKILL (`ID`, `PROFILE_ID`, `SKILL_ID`, `SCORE`, `VERSION`, `CREATED`) VALUES ('97', '10', '21', '4.0', '0', '2016-03-26 19:08:10');
INSERT INTO PROFILE_has_SKILL (`ID`, `PROFILE_ID`, `SKILL_ID`, `SCORE`, `VERSION`, `CREATED`) VALUES ('98', '10', '7', '0.0', '0', '2016-03-26 19:08:10');
INSERT INTO PROFILE_has_SKILL (`ID`, `PROFILE_ID`, `SKILL_ID`, `SCORE`, `VERSION`, `CREATED`) VALUES ('99', '10', '29', '5.0', '0', '2016-03-26 19:08:10');
INSERT INTO PROFILE_has_SKILL (`ID`, `PROFILE_ID`, `SKILL_ID`, `SCORE`, `VERSION`, `CREATED`) VALUES ('100', '10', '24', '3.0', '0', '2016-03-26 19:08:10');

INSERT INTO PROFILE_has_SKILL (`ID`, `PROFILE_ID`, `SKILL_ID`, `SCORE`, `VERSION`, `CREATED`) VALUES ('101', '11', '3', '6.0', '0', '2016-03-26 19:08:10');
INSERT INTO PROFILE_has_SKILL (`ID`, `PROFILE_ID`, `SKILL_ID`, `SCORE`, `VERSION`, `CREATED`) VALUES ('102', '11', '18', '8.0', '0', '2016-03-26 19:08:10');
INSERT INTO PROFILE_has_SKILL (`ID`, `PROFILE_ID`, `SKILL_ID`, `SCORE`, `VERSION`, `CREATED`) VALUES ('103', '11', '13', '6.0', '0', '2016-03-26 19:08:10');
INSERT INTO PROFILE_has_SKILL (`ID`, `PROFILE_ID`, `SKILL_ID`, `SCORE`, `VERSION`, `CREATED`) VALUES ('104', '11', '21', '9.0', '0', '2016-03-26 19:08:10');
INSERT INTO PROFILE_has_SKILL (`ID`, `PROFILE_ID`, `SKILL_ID`, `SCORE`, `VERSION`, `CREATED`) VALUES ('105', '11', '9', '5.0', '0', '2016-03-26 19:08:10');
INSERT INTO PROFILE_has_SKILL (`ID`, `PROFILE_ID`, `SKILL_ID`, `SCORE`, `VERSION`, `CREATED`) VALUES ('106', '11', '15', '5.0', '0', '2016-03-26 19:08:10');
INSERT INTO PROFILE_has_SKILL (`ID`, `PROFILE_ID`, `SKILL_ID`, `SCORE`, `VERSION`, `CREATED`) VALUES ('107', '11', '14', '0.0', '0', '2016-03-26 19:08:10');
INSERT INTO PROFILE_has_SKILL (`ID`, `PROFILE_ID`, `SKILL_ID`, `SCORE`, `VERSION`, `CREATED`) VALUES ('108', '11', '4', '8.0', '0', '2016-03-26 19:08:10');
INSERT INTO PROFILE_has_SKILL (`ID`, `PROFILE_ID`, `SKILL_ID`, `SCORE`, `VERSION`, `CREATED`) VALUES ('109', '11', '30', '5.0', '0', '2016-03-26 19:08:10');
INSERT INTO PROFILE_has_SKILL (`ID`, `PROFILE_ID`, `SKILL_ID`, `SCORE`, `VERSION`, `CREATED`) VALUES ('110', '11', '22', '8.0', '0', '2016-03-26 19:08:10');

INSERT INTO PROFILE_has_SKILL (`ID`, `PROFILE_ID`, `SKILL_ID`, `SCORE`, `VERSION`, `CREATED`) VALUES ('111', '12', '32', '3.0', '0', '2016-03-26 19:08:10');
INSERT INTO PROFILE_has_SKILL (`ID`, `PROFILE_ID`, `SKILL_ID`, `SCORE`, `VERSION`, `CREATED`) VALUES ('112', '12', '20', '3.0', '0', '2016-03-26 19:08:10');
INSERT INTO PROFILE_has_SKILL (`ID`, `PROFILE_ID`, `SKILL_ID`, `SCORE`, `VERSION`, `CREATED`) VALUES ('113', '12', '1', '7.0', '0', '2016-03-26 19:08:10');
INSERT INTO PROFILE_has_SKILL (`ID`, `PROFILE_ID`, `SKILL_ID`, `SCORE`, `VERSION`, `CREATED`) VALUES ('114', '12', '31', '8.0', '0', '2016-03-26 19:08:10');
INSERT INTO PROFILE_has_SKILL (`ID`, `PROFILE_ID`, `SKILL_ID`, `SCORE`, `VERSION`, `CREATED`) VALUES ('115', '12', '27', '1.0', '0', '2016-03-26 19:08:10');
INSERT INTO PROFILE_has_SKILL (`ID`, `PROFILE_ID`, `SKILL_ID`, `SCORE`, `VERSION`, `CREATED`) VALUES ('116', '12', '22', '2.0', '0', '2016-03-26 19:08:10');
INSERT INTO PROFILE_has_SKILL (`ID`, `PROFILE_ID`, `SKILL_ID`, `SCORE`, `VERSION`, `CREATED`) VALUES ('117', '12', '12', '0.0', '0', '2016-03-26 19:08:10');
INSERT INTO PROFILE_has_SKILL (`ID`, `PROFILE_ID`, `SKILL_ID`, `SCORE`, `VERSION`, `CREATED`) VALUES ('118', '12', '13', '6.0', '0', '2016-03-26 19:08:10');
INSERT INTO PROFILE_has_SKILL (`ID`, `PROFILE_ID`, `SKILL_ID`, `SCORE`, `VERSION`, `CREATED`) VALUES ('119', '12', '1', '9.0', '0', '2016-03-26 19:08:10');
INSERT INTO PROFILE_has_SKILL (`ID`, `PROFILE_ID`, `SKILL_ID`, `SCORE`, `VERSION`, `CREATED`) VALUES ('120', '12', '20', '4.0', '0', '2016-03-26 19:08:10');

INSERT INTO PROFILE_has_SKILL (`ID`, `PROFILE_ID`, `SKILL_ID`, `SCORE`, `VERSION`, `CREATED`) VALUES ('121', '13', '9', '7.0', '0', '2016-03-26 19:08:10');
INSERT INTO PROFILE_has_SKILL (`ID`, `PROFILE_ID`, `SKILL_ID`, `SCORE`, `VERSION`, `CREATED`) VALUES ('122', '13', '32', '7.0', '0', '2016-03-26 19:08:10');
INSERT INTO PROFILE_has_SKILL (`ID`, `PROFILE_ID`, `SKILL_ID`, `SCORE`, `VERSION`, `CREATED`) VALUES ('123', '13', '7', '5.0', '0', '2016-03-26 19:08:10');
INSERT INTO PROFILE_has_SKILL (`ID`, `PROFILE_ID`, `SKILL_ID`, `SCORE`, `VERSION`, `CREATED`) VALUES ('124', '13', '9', '9.0', '0', '2016-03-26 19:08:10');
INSERT INTO PROFILE_has_SKILL (`ID`, `PROFILE_ID`, `SKILL_ID`, `SCORE`, `VERSION`, `CREATED`) VALUES ('125', '13', '15', '7.0', '0', '2016-03-26 19:08:10');
INSERT INTO PROFILE_has_SKILL (`ID`, `PROFILE_ID`, `SKILL_ID`, `SCORE`, `VERSION`, `CREATED`) VALUES ('126', '13', '23', '9.0', '0', '2016-03-26 19:08:10');
INSERT INTO PROFILE_has_SKILL (`ID`, `PROFILE_ID`, `SKILL_ID`, `SCORE`, `VERSION`, `CREATED`) VALUES ('127', '13', '20', '6.0', '0', '2016-03-26 19:08:10');
INSERT INTO PROFILE_has_SKILL (`ID`, `PROFILE_ID`, `SKILL_ID`, `SCORE`, `VERSION`, `CREATED`) VALUES ('128', '13', '11', '4.0', '0', '2016-03-26 19:08:10');
INSERT INTO PROFILE_has_SKILL (`ID`, `PROFILE_ID`, `SKILL_ID`, `SCORE`, `VERSION`, `CREATED`) VALUES ('129', '13', '25', '0.0', '0', '2016-03-26 19:08:10');
INSERT INTO PROFILE_has_SKILL (`ID`, `PROFILE_ID`, `SKILL_ID`, `SCORE`, `VERSION`, `CREATED`) VALUES ('130', '13', '9', '6.0', '0', '2016-03-26 19:08:10');

INSERT INTO PROFILE_has_SKILL (`ID`, `PROFILE_ID`, `SKILL_ID`, `SCORE`, `VERSION`, `CREATED`) VALUES ('131', '14', '4', '9.0', '0', '2016-03-26 19:08:10');
INSERT INTO PROFILE_has_SKILL (`ID`, `PROFILE_ID`, `SKILL_ID`, `SCORE`, `VERSION`, `CREATED`) VALUES ('132', '14', '31', '9.0', '0', '2016-03-26 19:08:10');
INSERT INTO PROFILE_has_SKILL (`ID`, `PROFILE_ID`, `SKILL_ID`, `SCORE`, `VERSION`, `CREATED`) VALUES ('133', '14', '29', '7.0', '0', '2016-03-26 19:08:10');
INSERT INTO PROFILE_has_SKILL (`ID`, `PROFILE_ID`, `SKILL_ID`, `SCORE`, `VERSION`, `CREATED`) VALUES ('134', '14', '30', '6.0', '0', '2016-03-26 19:08:10');
INSERT INTO PROFILE_has_SKILL (`ID`, `PROFILE_ID`, `SKILL_ID`, `SCORE`, `VERSION`, `CREATED`) VALUES ('135', '14', '8', '1.0', '0', '2016-03-26 19:08:10');
INSERT INTO PROFILE_has_SKILL (`ID`, `PROFILE_ID`, `SKILL_ID`, `SCORE`, `VERSION`, `CREATED`) VALUES ('136', '14', '22', '6.0', '0', '2016-03-26 19:08:10');
INSERT INTO PROFILE_has_SKILL (`ID`, `PROFILE_ID`, `SKILL_ID`, `SCORE`, `VERSION`, `CREATED`) VALUES ('137', '14', '19', '3.0', '0', '2016-03-26 19:08:10');
INSERT INTO PROFILE_has_SKILL (`ID`, `PROFILE_ID`, `SKILL_ID`, `SCORE`, `VERSION`, `CREATED`) VALUES ('138', '14', '29', '1.0', '0', '2016-03-26 19:08:10');
INSERT INTO PROFILE_has_SKILL (`ID`, `PROFILE_ID`, `SKILL_ID`, `SCORE`, `VERSION`, `CREATED`) VALUES ('139', '14', '23', '9.0', '0', '2016-03-26 19:08:10');
INSERT INTO PROFILE_has_SKILL (`ID`, `PROFILE_ID`, `SKILL_ID`, `SCORE`, `VERSION`, `CREATED`) VALUES ('140', '14', '31', '4.0', '0', '2016-03-26 19:08:10');

INSERT INTO PROFILE_has_SKILL (`ID`, `PROFILE_ID`, `SKILL_ID`, `SCORE`, `VERSION`, `CREATED`) VALUES ('141', '15', '20', '0.0', '0', '2016-03-26 19:08:10');
INSERT INTO PROFILE_has_SKILL (`ID`, `PROFILE_ID`, `SKILL_ID`, `SCORE`, `VERSION`, `CREATED`) VALUES ('142', '15', '26', '6.0', '0', '2016-03-26 19:08:10');
INSERT INTO PROFILE_has_SKILL (`ID`, `PROFILE_ID`, `SKILL_ID`, `SCORE`, `VERSION`, `CREATED`) VALUES ('143', '15', '16', '2.0', '0', '2016-03-26 19:08:10');
INSERT INTO PROFILE_has_SKILL (`ID`, `PROFILE_ID`, `SKILL_ID`, `SCORE`, `VERSION`, `CREATED`) VALUES ('144', '15', '5', '6.0', '0', '2016-03-26 19:08:10');
INSERT INTO PROFILE_has_SKILL (`ID`, `PROFILE_ID`, `SKILL_ID`, `SCORE`, `VERSION`, `CREATED`) VALUES ('145', '15', '19', '0.0', '0', '2016-03-26 19:08:10');
INSERT INTO PROFILE_has_SKILL (`ID`, `PROFILE_ID`, `SKILL_ID`, `SCORE`, `VERSION`, `CREATED`) VALUES ('146', '15', '14', '8.0', '0', '2016-03-26 19:08:10');
INSERT INTO PROFILE_has_SKILL (`ID`, `PROFILE_ID`, `SKILL_ID`, `SCORE`, `VERSION`, `CREATED`) VALUES ('147', '15', '9', '0.0', '0', '2016-03-26 19:08:10');
INSERT INTO PROFILE_has_SKILL (`ID`, `PROFILE_ID`, `SKILL_ID`, `SCORE`, `VERSION`, `CREATED`) VALUES ('148', '15', '9', '9.0', '0', '2016-03-26 19:08:10');
INSERT INTO PROFILE_has_SKILL (`ID`, `PROFILE_ID`, `SKILL_ID`, `SCORE`, `VERSION`, `CREATED`) VALUES ('149', '15', '14', '3.0', '0', '2016-03-26 19:08:10');
INSERT INTO PROFILE_has_SKILL (`ID`, `PROFILE_ID`, `SKILL_ID`, `SCORE`, `VERSION`, `CREATED`) VALUES ('150', '15', '13', '3.0', '0', '2016-03-26 19:08:10');

INSERT INTO PROFILE_has_SKILL (`ID`, `PROFILE_ID`, `SKILL_ID`, `SCORE`, `VERSION`, `CREATED`) VALUES ('151', '16', '4', '8.0', '0', '2016-03-26 19:08:10');
INSERT INTO PROFILE_has_SKILL (`ID`, `PROFILE_ID`, `SKILL_ID`, `SCORE`, `VERSION`, `CREATED`) VALUES ('152', '16', '5', '1.0', '0', '2016-03-26 19:08:10');
INSERT INTO PROFILE_has_SKILL (`ID`, `PROFILE_ID`, `SKILL_ID`, `SCORE`, `VERSION`, `CREATED`) VALUES ('153', '16', '22', '5.0', '0', '2016-03-26 19:08:10');
INSERT INTO PROFILE_has_SKILL (`ID`, `PROFILE_ID`, `SKILL_ID`, `SCORE`, `VERSION`, `CREATED`) VALUES ('154', '16', '8', '7.0', '0', '2016-03-26 19:08:10');
INSERT INTO PROFILE_has_SKILL (`ID`, `PROFILE_ID`, `SKILL_ID`, `SCORE`, `VERSION`, `CREATED`) VALUES ('155', '16', '18', '4.0', '0', '2016-03-26 19:08:10');
INSERT INTO PROFILE_has_SKILL (`ID`, `PROFILE_ID`, `SKILL_ID`, `SCORE`, `VERSION`, `CREATED`) VALUES ('156', '16', '1', '6.0', '0', '2016-03-26 19:08:10');
INSERT INTO PROFILE_has_SKILL (`ID`, `PROFILE_ID`, `SKILL_ID`, `SCORE`, `VERSION`, `CREATED`) VALUES ('157', '16', '19', '2.0', '0', '2016-03-26 19:08:10');
INSERT INTO PROFILE_has_SKILL (`ID`, `PROFILE_ID`, `SKILL_ID`, `SCORE`, `VERSION`, `CREATED`) VALUES ('158', '16', '10', '7.0', '0', '2016-03-26 19:08:10');
INSERT INTO PROFILE_has_SKILL (`ID`, `PROFILE_ID`, `SKILL_ID`, `SCORE`, `VERSION`, `CREATED`) VALUES ('159', '16', '31', '6.0', '0', '2016-03-26 19:08:10');
INSERT INTO PROFILE_has_SKILL (`ID`, `PROFILE_ID`, `SKILL_ID`, `SCORE`, `VERSION`, `CREATED`) VALUES ('160', '16', '26', '8.0', '0', '2016-03-26 19:08:10');

INSERT INTO PROFILE_has_SKILL (`ID`, `PROFILE_ID`, `SKILL_ID`, `SCORE`, `VERSION`, `CREATED`) VALUES ('161', '17', '14', '6.0', '0', '2016-03-26 19:08:10');
INSERT INTO PROFILE_has_SKILL (`ID`, `PROFILE_ID`, `SKILL_ID`, `SCORE`, `VERSION`, `CREATED`) VALUES ('162', '17', '9', '8.0', '0', '2016-03-26 19:08:10');
INSERT INTO PROFILE_has_SKILL (`ID`, `PROFILE_ID`, `SKILL_ID`, `SCORE`, `VERSION`, `CREATED`) VALUES ('163', '17', '21', '3.0', '0', '2016-03-26 19:08:10');
INSERT INTO PROFILE_has_SKILL (`ID`, `PROFILE_ID`, `SKILL_ID`, `SCORE`, `VERSION`, `CREATED`) VALUES ('164', '17', '3', '9.0', '0', '2016-03-26 19:08:10');
INSERT INTO PROFILE_has_SKILL (`ID`, `PROFILE_ID`, `SKILL_ID`, `SCORE`, `VERSION`, `CREATED`) VALUES ('165', '17', '21', '8.0', '0', '2016-03-26 19:08:10');
INSERT INTO PROFILE_has_SKILL (`ID`, `PROFILE_ID`, `SKILL_ID`, `SCORE`, `VERSION`, `CREATED`) VALUES ('166', '17', '21', '5.0', '0', '2016-03-26 19:08:10');
INSERT INTO PROFILE_has_SKILL (`ID`, `PROFILE_ID`, `SKILL_ID`, `SCORE`, `VERSION`, `CREATED`) VALUES ('167', '17', '18', '7.0', '0', '2016-03-26 19:08:10');
INSERT INTO PROFILE_has_SKILL (`ID`, `PROFILE_ID`, `SKILL_ID`, `SCORE`, `VERSION`, `CREATED`) VALUES ('168', '17', '14', '9.0', '0', '2016-03-26 19:08:10');
INSERT INTO PROFILE_has_SKILL (`ID`, `PROFILE_ID`, `SKILL_ID`, `SCORE`, `VERSION`, `CREATED`) VALUES ('169', '17', '19', '4.0', '0', '2016-03-26 19:08:10');
INSERT INTO PROFILE_has_SKILL (`ID`, `PROFILE_ID`, `SKILL_ID`, `SCORE`, `VERSION`, `CREATED`) VALUES ('170', '17', '11', '3.0', '0', '2016-03-26 19:08:10');

INSERT INTO PROFILE_has_SKILL (`ID`, `PROFILE_ID`, `SKILL_ID`, `SCORE`, `VERSION`, `CREATED`) VALUES ('171', '18', '10', '6.0', '0', '2016-03-26 19:08:10');
INSERT INTO PROFILE_has_SKILL (`ID`, `PROFILE_ID`, `SKILL_ID`, `SCORE`, `VERSION`, `CREATED`) VALUES ('172', '18', '12', '6.0', '0', '2016-03-26 19:08:10');
INSERT INTO PROFILE_has_SKILL (`ID`, `PROFILE_ID`, `SKILL_ID`, `SCORE`, `VERSION`, `CREATED`) VALUES ('173', '18', '31', '3.0', '0', '2016-03-26 19:08:10');
INSERT INTO PROFILE_has_SKILL (`ID`, `PROFILE_ID`, `SKILL_ID`, `SCORE`, `VERSION`, `CREATED`) VALUES ('174', '18', '27', '7.0', '0', '2016-03-26 19:08:10');
INSERT INTO PROFILE_has_SKILL (`ID`, `PROFILE_ID`, `SKILL_ID`, `SCORE`, `VERSION`, `CREATED`) VALUES ('175', '18', '1', '2.0', '0', '2016-03-26 19:08:10');
INSERT INTO PROFILE_has_SKILL (`ID`, `PROFILE_ID`, `SKILL_ID`, `SCORE`, `VERSION`, `CREATED`) VALUES ('176', '18', '8', '8.0', '0', '2016-03-26 19:08:10');
INSERT INTO PROFILE_has_SKILL (`ID`, `PROFILE_ID`, `SKILL_ID`, `SCORE`, `VERSION`, `CREATED`) VALUES ('177', '18', '19', '0.0', '0', '2016-03-26 19:08:10');
INSERT INTO PROFILE_has_SKILL (`ID`, `PROFILE_ID`, `SKILL_ID`, `SCORE`, `VERSION`, `CREATED`) VALUES ('178', '18', '14', '0.0', '0', '2016-03-26 19:08:10');
INSERT INTO PROFILE_has_SKILL (`ID`, `PROFILE_ID`, `SKILL_ID`, `SCORE`, `VERSION`, `CREATED`) VALUES ('179', '18', '21', '2.0', '0', '2016-03-26 19:08:10');
INSERT INTO PROFILE_has_SKILL (`ID`, `PROFILE_ID`, `SKILL_ID`, `SCORE`, `VERSION`, `CREATED`) VALUES ('180', '18', '21', '0.0', '0', '2016-03-26 19:08:10');

INSERT INTO PROFILE_has_SKILL (`ID`, `PROFILE_ID`, `SKILL_ID`, `SCORE`, `VERSION`, `CREATED`) VALUES ('181', '19', '2', '9.0', '0', '2016-03-26 19:08:10');
INSERT INTO PROFILE_has_SKILL (`ID`, `PROFILE_ID`, `SKILL_ID`, `SCORE`, `VERSION`, `CREATED`) VALUES ('182', '19', '1', '0.0', '0', '2016-03-26 19:08:10');
INSERT INTO PROFILE_has_SKILL (`ID`, `PROFILE_ID`, `SKILL_ID`, `SCORE`, `VERSION`, `CREATED`) VALUES ('183', '19', '28', '3.0', '0', '2016-03-26 19:08:10');
INSERT INTO PROFILE_has_SKILL (`ID`, `PROFILE_ID`, `SKILL_ID`, `SCORE`, `VERSION`, `CREATED`) VALUES ('184', '19', '10', '9.0', '0', '2016-03-26 19:08:10');
INSERT INTO PROFILE_has_SKILL (`ID`, `PROFILE_ID`, `SKILL_ID`, `SCORE`, `VERSION`, `CREATED`) VALUES ('185', '19', '27', '6.0', '0', '2016-03-26 19:08:10');
INSERT INTO PROFILE_has_SKILL (`ID`, `PROFILE_ID`, `SKILL_ID`, `SCORE`, `VERSION`, `CREATED`) VALUES ('186', '19', '25', '7.0', '0', '2016-03-26 19:08:10');
INSERT INTO PROFILE_has_SKILL (`ID`, `PROFILE_ID`, `SKILL_ID`, `SCORE`, `VERSION`, `CREATED`) VALUES ('187', '19', '10', '3.0', '0', '2016-03-26 19:08:10');
INSERT INTO PROFILE_has_SKILL (`ID`, `PROFILE_ID`, `SKILL_ID`, `SCORE`, `VERSION`, `CREATED`) VALUES ('188', '19', '16', '6.0', '0', '2016-03-26 19:08:10');
INSERT INTO PROFILE_has_SKILL (`ID`, `PROFILE_ID`, `SKILL_ID`, `SCORE`, `VERSION`, `CREATED`) VALUES ('189', '19', '26', '2.0', '0', '2016-03-26 19:08:10');
INSERT INTO PROFILE_has_SKILL (`ID`, `PROFILE_ID`, `SKILL_ID`, `SCORE`, `VERSION`, `CREATED`) VALUES ('190', '19', '20', '4.0', '0', '2016-03-26 19:08:10');

INSERT INTO PROFILE_has_SKILL (`ID`, `PROFILE_ID`, `SKILL_ID`, `SCORE`, `VERSION`, `CREATED`) VALUES ('191', '20', '18', '2.0', '0', '2016-03-26 19:08:10');
INSERT INTO PROFILE_has_SKILL (`ID`, `PROFILE_ID`, `SKILL_ID`, `SCORE`, `VERSION`, `CREATED`) VALUES ('192', '20', '2', '7.0', '0', '2016-03-26 19:08:10');
INSERT INTO PROFILE_has_SKILL (`ID`, `PROFILE_ID`, `SKILL_ID`, `SCORE`, `VERSION`, `CREATED`) VALUES ('193', '20', '22', '2.0', '0', '2016-03-26 19:08:10');
INSERT INTO PROFILE_has_SKILL (`ID`, `PROFILE_ID`, `SKILL_ID`, `SCORE`, `VERSION`, `CREATED`) VALUES ('194', '20', '10', '8.0', '0', '2016-03-26 19:08:10');
INSERT INTO PROFILE_has_SKILL (`ID`, `PROFILE_ID`, `SKILL_ID`, `SCORE`, `VERSION`, `CREATED`) VALUES ('195', '20', '32', '7.0', '0', '2016-03-26 19:08:10');
INSERT INTO PROFILE_has_SKILL (`ID`, `PROFILE_ID`, `SKILL_ID`, `SCORE`, `VERSION`, `CREATED`) VALUES ('196', '20', '5', '9.0', '0', '2016-03-26 19:08:10');
INSERT INTO PROFILE_has_SKILL (`ID`, `PROFILE_ID`, `SKILL_ID`, `SCORE`, `VERSION`, `CREATED`) VALUES ('197', '20', '25', '9.0', '0', '2016-03-26 19:08:10');
INSERT INTO PROFILE_has_SKILL (`ID`, `PROFILE_ID`, `SKILL_ID`, `SCORE`, `VERSION`, `CREATED`) VALUES ('198', '20', '15', '8.0', '0', '2016-03-26 19:08:10');
INSERT INTO PROFILE_has_SKILL (`ID`, `PROFILE_ID`, `SKILL_ID`, `SCORE`, `VERSION`, `CREATED`) VALUES ('199', '20', '21', '4.0', '0', '2016-03-26 19:08:10');
INSERT INTO PROFILE_has_SKILL (`ID`, `PROFILE_ID`, `SKILL_ID`, `SCORE`, `VERSION`, `CREATED`) VALUES ('200', '20', '28', '4.0', '0', '2016-03-26 19:08:10');

INSERT INTO PROFILE_has_SKILL (`ID`, `PROFILE_ID`, `SKILL_ID`, `SCORE`, `VERSION`, `CREATED`) VALUES ('201', '21', '24', '1.0', '0', '2016-03-26 19:08:10');
INSERT INTO PROFILE_has_SKILL (`ID`, `PROFILE_ID`, `SKILL_ID`, `SCORE`, `VERSION`, `CREATED`) VALUES ('202', '21', '1', '3.0', '0', '2016-03-26 19:08:10');
INSERT INTO PROFILE_has_SKILL (`ID`, `PROFILE_ID`, `SKILL_ID`, `SCORE`, `VERSION`, `CREATED`) VALUES ('203', '21', '16', '2.0', '0', '2016-03-26 19:08:10');
INSERT INTO PROFILE_has_SKILL (`ID`, `PROFILE_ID`, `SKILL_ID`, `SCORE`, `VERSION`, `CREATED`) VALUES ('204', '21', '31', '1.0', '0', '2016-03-26 19:08:10');
INSERT INTO PROFILE_has_SKILL (`ID`, `PROFILE_ID`, `SKILL_ID`, `SCORE`, `VERSION`, `CREATED`) VALUES ('205', '21', '17', '4.0', '0', '2016-03-26 19:08:10');
INSERT INTO PROFILE_has_SKILL (`ID`, `PROFILE_ID`, `SKILL_ID`, `SCORE`, `VERSION`, `CREATED`) VALUES ('206', '21', '17', '9.0', '0', '2016-03-26 19:08:10');
INSERT INTO PROFILE_has_SKILL (`ID`, `PROFILE_ID`, `SKILL_ID`, `SCORE`, `VERSION`, `CREATED`) VALUES ('207', '21', '9', '8.0', '0', '2016-03-26 19:08:10');
INSERT INTO PROFILE_has_SKILL (`ID`, `PROFILE_ID`, `SKILL_ID`, `SCORE`, `VERSION`, `CREATED`) VALUES ('208', '21', '22', '3.0', '0', '2016-03-26 19:08:10');
INSERT INTO PROFILE_has_SKILL (`ID`, `PROFILE_ID`, `SKILL_ID`, `SCORE`, `VERSION`, `CREATED`) VALUES ('209', '21', '8', '5.0', '0', '2016-03-26 19:08:10');
INSERT INTO PROFILE_has_SKILL (`ID`, `PROFILE_ID`, `SKILL_ID`, `SCORE`, `VERSION`, `CREATED`) VALUES ('210', '21', '1', '8.0', '0', '2016-03-26 19:08:10');

INSERT INTO PROFILE_has_SKILL (`ID`, `PROFILE_ID`, `SKILL_ID`, `SCORE`, `VERSION`, `CREATED`) VALUES ('211', '22', '15', '1.0', '0', '2016-03-26 19:08:10');
INSERT INTO PROFILE_has_SKILL (`ID`, `PROFILE_ID`, `SKILL_ID`, `SCORE`, `VERSION`, `CREATED`) VALUES ('212', '22', '4', '1.0', '0', '2016-03-26 19:08:10');
INSERT INTO PROFILE_has_SKILL (`ID`, `PROFILE_ID`, `SKILL_ID`, `SCORE`, `VERSION`, `CREATED`) VALUES ('213', '22', '13', '2.0', '0', '2016-03-26 19:08:10');
INSERT INTO PROFILE_has_SKILL (`ID`, `PROFILE_ID`, `SKILL_ID`, `SCORE`, `VERSION`, `CREATED`) VALUES ('214', '22', '16', '3.0', '0', '2016-03-26 19:08:10');
INSERT INTO PROFILE_has_SKILL (`ID`, `PROFILE_ID`, `SKILL_ID`, `SCORE`, `VERSION`, `CREATED`) VALUES ('215', '22', '14', '4.0', '0', '2016-03-26 19:08:10');
INSERT INTO PROFILE_has_SKILL (`ID`, `PROFILE_ID`, `SKILL_ID`, `SCORE`, `VERSION`, `CREATED`) VALUES ('216', '22', '12', '9.0', '0', '2016-03-26 19:08:10');
INSERT INTO PROFILE_has_SKILL (`ID`, `PROFILE_ID`, `SKILL_ID`, `SCORE`, `VERSION`, `CREATED`) VALUES ('217', '22', '8', '1.0', '0', '2016-03-26 19:08:10');
INSERT INTO PROFILE_has_SKILL (`ID`, `PROFILE_ID`, `SKILL_ID`, `SCORE`, `VERSION`, `CREATED`) VALUES ('218', '22', '21', '7.0', '0', '2016-03-26 19:08:10');
INSERT INTO PROFILE_has_SKILL (`ID`, `PROFILE_ID`, `SKILL_ID`, `SCORE`, `VERSION`, `CREATED`) VALUES ('219', '22', '19', '7.0', '0', '2016-03-26 19:08:10');
INSERT INTO PROFILE_has_SKILL (`ID`, `PROFILE_ID`, `SKILL_ID`, `SCORE`, `VERSION`, `CREATED`) VALUES ('220', '22', '19', '7.0', '0', '2016-03-26 19:08:10');

INSERT INTO PROFILE_has_SKILL (`ID`, `PROFILE_ID`, `SKILL_ID`, `SCORE`, `VERSION`, `CREATED`) VALUES ('221', '23', '16', '3.0', '0', '2016-03-26 19:08:10');
INSERT INTO PROFILE_has_SKILL (`ID`, `PROFILE_ID`, `SKILL_ID`, `SCORE`, `VERSION`, `CREATED`) VALUES ('222', '23', '17', '4.0', '0', '2016-03-26 19:08:10');
INSERT INTO PROFILE_has_SKILL (`ID`, `PROFILE_ID`, `SKILL_ID`, `SCORE`, `VERSION`, `CREATED`) VALUES ('223', '23', '1', '2.0', '0', '2016-03-26 19:08:10');
INSERT INTO PROFILE_has_SKILL (`ID`, `PROFILE_ID`, `SKILL_ID`, `SCORE`, `VERSION`, `CREATED`) VALUES ('224', '23', '26', '5.0', '0', '2016-03-26 19:08:10');
INSERT INTO PROFILE_has_SKILL (`ID`, `PROFILE_ID`, `SKILL_ID`, `SCORE`, `VERSION`, `CREATED`) VALUES ('225', '23', '12', '8.0', '0', '2016-03-26 19:08:10');
INSERT INTO PROFILE_has_SKILL (`ID`, `PROFILE_ID`, `SKILL_ID`, `SCORE`, `VERSION`, `CREATED`) VALUES ('226', '23', '11', '7.0', '0', '2016-03-26 19:08:10');
INSERT INTO PROFILE_has_SKILL (`ID`, `PROFILE_ID`, `SKILL_ID`, `SCORE`, `VERSION`, `CREATED`) VALUES ('227', '23', '30', '5.0', '0', '2016-03-26 19:08:10');
INSERT INTO PROFILE_has_SKILL (`ID`, `PROFILE_ID`, `SKILL_ID`, `SCORE`, `VERSION`, `CREATED`) VALUES ('228', '23', '10', '9.0', '0', '2016-03-26 19:08:10');
INSERT INTO PROFILE_has_SKILL (`ID`, `PROFILE_ID`, `SKILL_ID`, `SCORE`, `VERSION`, `CREATED`) VALUES ('229', '23', '22', '0.0', '0', '2016-03-26 19:08:10');
INSERT INTO PROFILE_has_SKILL (`ID`, `PROFILE_ID`, `SKILL_ID`, `SCORE`, `VERSION`, `CREATED`) VALUES ('230', '23', '18', '3.0', '0', '2016-03-26 19:08:10');

INSERT INTO PROFILE_has_SKILL (`ID`, `PROFILE_ID`, `SKILL_ID`, `SCORE`, `VERSION`, `CREATED`) VALUES ('231', '24', '23', '2.0', '0', '2016-03-26 19:08:10');
INSERT INTO PROFILE_has_SKILL (`ID`, `PROFILE_ID`, `SKILL_ID`, `SCORE`, `VERSION`, `CREATED`) VALUES ('232', '24', '5', '5.0', '0', '2016-03-26 19:08:10');
INSERT INTO PROFILE_has_SKILL (`ID`, `PROFILE_ID`, `SKILL_ID`, `SCORE`, `VERSION`, `CREATED`) VALUES ('233', '24', '22', '2.0', '0', '2016-03-26 19:08:10');
INSERT INTO PROFILE_has_SKILL (`ID`, `PROFILE_ID`, `SKILL_ID`, `SCORE`, `VERSION`, `CREATED`) VALUES ('234', '24', '18', '8.0', '0', '2016-03-26 19:08:10');
INSERT INTO PROFILE_has_SKILL (`ID`, `PROFILE_ID`, `SKILL_ID`, `SCORE`, `VERSION`, `CREATED`) VALUES ('235', '24', '27', '7.0', '0', '2016-03-26 19:08:10');
INSERT INTO PROFILE_has_SKILL (`ID`, `PROFILE_ID`, `SKILL_ID`, `SCORE`, `VERSION`, `CREATED`) VALUES ('236', '24', '13', '3.0', '0', '2016-03-26 19:08:10');
INSERT INTO PROFILE_has_SKILL (`ID`, `PROFILE_ID`, `SKILL_ID`, `SCORE`, `VERSION`, `CREATED`) VALUES ('237', '24', '10', '3.0', '0', '2016-03-26 19:08:10');
INSERT INTO PROFILE_has_SKILL (`ID`, `PROFILE_ID`, `SKILL_ID`, `SCORE`, `VERSION`, `CREATED`) VALUES ('238', '24', '30', '4.0', '0', '2016-03-26 19:08:10');
INSERT INTO PROFILE_has_SKILL (`ID`, `PROFILE_ID`, `SKILL_ID`, `SCORE`, `VERSION`, `CREATED`) VALUES ('239', '24', '27', '2.0', '0', '2016-03-26 19:08:10');
INSERT INTO PROFILE_has_SKILL (`ID`, `PROFILE_ID`, `SKILL_ID`, `SCORE`, `VERSION`, `CREATED`) VALUES ('240', '24', '32', '9.0', '0', '2016-03-26 19:08:10');

INSERT INTO PROFILE_has_SKILL (`ID`, `PROFILE_ID`, `SKILL_ID`, `SCORE`, `VERSION`, `CREATED`) VALUES ('241', '25', '30', '9.0', '0', '2016-03-26 19:08:10');
INSERT INTO PROFILE_has_SKILL (`ID`, `PROFILE_ID`, `SKILL_ID`, `SCORE`, `VERSION`, `CREATED`) VALUES ('242', '25', '5', '8.0', '0', '2016-03-26 19:08:10');
INSERT INTO PROFILE_has_SKILL (`ID`, `PROFILE_ID`, `SKILL_ID`, `SCORE`, `VERSION`, `CREATED`) VALUES ('243', '25', '31', '3.0', '0', '2016-03-26 19:08:10');
INSERT INTO PROFILE_has_SKILL (`ID`, `PROFILE_ID`, `SKILL_ID`, `SCORE`, `VERSION`, `CREATED`) VALUES ('244', '25', '8', '8.0', '0', '2016-03-26 19:08:10');
INSERT INTO PROFILE_has_SKILL (`ID`, `PROFILE_ID`, `SKILL_ID`, `SCORE`, `VERSION`, `CREATED`) VALUES ('245', '25', '25', '1.0', '0', '2016-03-26 19:08:10');
INSERT INTO PROFILE_has_SKILL (`ID`, `PROFILE_ID`, `SKILL_ID`, `SCORE`, `VERSION`, `CREATED`) VALUES ('246', '25', '16', '8.0', '0', '2016-03-26 19:08:10');
INSERT INTO PROFILE_has_SKILL (`ID`, `PROFILE_ID`, `SKILL_ID`, `SCORE`, `VERSION`, `CREATED`) VALUES ('247', '25', '15', '7.0', '0', '2016-03-26 19:08:10');
INSERT INTO PROFILE_has_SKILL (`ID`, `PROFILE_ID`, `SKILL_ID`, `SCORE`, `VERSION`, `CREATED`) VALUES ('248', '25', '5', '6.0', '0', '2016-03-26 19:08:10');
INSERT INTO PROFILE_has_SKILL (`ID`, `PROFILE_ID`, `SKILL_ID`, `SCORE`, `VERSION`, `CREATED`) VALUES ('249', '25', '4', '6.0', '0', '2016-03-26 19:08:10');
INSERT INTO PROFILE_has_SKILL (`ID`, `PROFILE_ID`, `SKILL_ID`, `SCORE`, `VERSION`, `CREATED`) VALUES ('250', '25', '23', '3.0', '0', '2016-03-26 19:08:10');

# Insert teams
INSERT INTO TEAM (ID, NAME, PROJECT, OWNER_ID)
	VALUES (1, 'WORLDPAY Team 1', 'WORLDPAY', 2);
INSERT INTO TEAM_has_MEMBER(TEAM_ID, USER_ID)
    VALUES(1, 2);
INSERT INTO TEAM_has_MEMBER(TEAM_ID, USER_ID)
    VALUES(1, 6);

INSERT INTO TEAM (ID, NAME, PROJECT, OWNER_ID)
	VALUES (2, 'WORLDPAY Team 2', 'WORLDPAY', 3);
INSERT INTO TEAM_has_MEMBER(TEAM_ID, USER_ID)
    VALUES(2, 3);

INSERT INTO TEAM (ID, NAME, PROJECT, OWNER_ID)
	VALUES (3, 'PAYPOINT', 'PAYPOINT', 4);
INSERT INTO TEAM_has_MEMBER(TEAM_ID, USER_ID)
    VALUES(2, 4);
