# Insert roles
INSERT INTO ROLE (ID, NAME, DESCRIPTION, VERSION)
	VALUES (1, 'R_ADMIN', 'Admin', 0);
INSERT INTO ROLE (ID, NAME, DESCRIPTION)
	VALUES (2, 'R_MANAGER', 'Manager');
INSERT INTO ROLE (ID, NAME, DESCRIPTION)
	VALUES (3, 'R_USER', 'User');
    
# Insert user positions
INSERT INTO USER_POSITION (ID, NAME)
	VALUES (1, 'Junior Technician');
INSERT INTO USER_POSITION (ID, NAME)
	VALUES (2, 'Technician');
INSERT INTO USER_POSITION (ID, NAME)
	VALUES (3, 'Senior Technician');
INSERT INTO USER_POSITION (ID, NAME)
	VALUES (4, 'Engineer');
INSERT INTO USER_POSITION (ID, NAME)
	VALUES (5, 'Senior Engineer');
INSERT INTO USER_POSITION (ID, NAME)
	VALUES (6, 'System Operations Engineer');
INSERT INTO USER_POSITION (ID, NAME)
	VALUES (7, 'Project Manager');
    
# Insert profiles
INSERT INTO PROFILE (ID, FIRSTNAME, LASTNAME, USER_POSITION_ID)
    VALUES (1, 'Ana', 'DIACONESCU', 6);
INSERT INTO PROFILE (ID, FIRSTNAME, LASTNAME, USER_POSITION_ID)
    VALUES (2, 'Isabela', 'CONSTANTIN', 7);
INSERT INTO PROFILE (ID, FIRSTNAME, LASTNAME, USER_POSITION_ID)
    VALUES (3, 'Luiza', 'VOINEA', 7);
INSERT INTO PROFILE (ID, FIRSTNAME, LASTNAME, USER_POSITION_ID)
    VALUES (4, 'Beatrice', 'CRISTEA', 7);
INSERT INTO PROFILE (ID, FIRSTNAME, LASTNAME, USER_POSITION_ID)
    VALUES (5, 'Rodica', 'MOCANU', 7);
INSERT INTO PROFILE (ID, FIRSTNAME, LASTNAME, USER_POSITION_ID)
    VALUES (6, 'Beatrice', 'GEORGESCU', 5);
INSERT INTO PROFILE (ID, FIRSTNAME, LASTNAME, USER_POSITION_ID)
    VALUES (7, 'Bianca', 'MIHAI', 5);
INSERT INTO PROFILE (ID, FIRSTNAME, LASTNAME, USER_POSITION_ID)
    VALUES (8, 'Delia', 'PREDA', 5);
INSERT INTO PROFILE (ID, FIRSTNAME, LASTNAME, USER_POSITION_ID)
    VALUES (9, 'Delia', 'GHITA', 5);
INSERT INTO PROFILE (ID, FIRSTNAME, LASTNAME, USER_POSITION_ID)
    VALUES (10, 'Paula', 'TUDOR', 4);
INSERT INTO PROFILE (ID, FIRSTNAME, LASTNAME, USER_POSITION_ID)
    VALUES (11, 'Andrei', 'DINU', 4);
INSERT INTO PROFILE (ID, FIRSTNAME, LASTNAME, USER_POSITION_ID)
    VALUES (12, 'Doina', 'ISPAS', 4);
INSERT INTO PROFILE (ID, FIRSTNAME, LASTNAME, USER_POSITION_ID)
    VALUES (13, 'Cristian', 'MIHAI', 4);
INSERT INTO PROFILE (ID, FIRSTNAME, LASTNAME, USER_POSITION_ID)
    VALUES (14, 'Clara', 'TUDOR', 3);
INSERT INTO PROFILE (ID, FIRSTNAME, LASTNAME, USER_POSITION_ID)
    VALUES (15, 'Ilinca', 'DIACONESCU', 3);
INSERT INTO PROFILE (ID, FIRSTNAME, LASTNAME, USER_POSITION_ID)
    VALUES (16, 'Cosmin', 'CONSTANTIN', 3);
INSERT INTO PROFILE (ID, FIRSTNAME, LASTNAME, USER_POSITION_ID)
    VALUES (17, 'Emil', 'STEFAN', 3);
INSERT INTO PROFILE (ID, FIRSTNAME, LASTNAME, USER_POSITION_ID)
    VALUES (18, 'Mircea', 'DIACONU', 2);
INSERT INTO PROFILE (ID, FIRSTNAME, LASTNAME, USER_POSITION_ID)
    VALUES (19, 'Georgeta', 'MOCANU', 2);
INSERT INTO PROFILE (ID, FIRSTNAME, LASTNAME, USER_POSITION_ID)
    VALUES (20, 'Catalin', 'BARBU', 2);
INSERT INTO PROFILE (ID, FIRSTNAME, LASTNAME, USER_POSITION_ID)
    VALUES (21, 'Silviu', 'POPESCU', 2);
INSERT INTO PROFILE (ID, FIRSTNAME, LASTNAME, USER_POSITION_ID)
    VALUES (22, 'Mircea', 'POP', 1);
INSERT INTO PROFILE (ID, FIRSTNAME, LASTNAME, USER_POSITION_ID)
    VALUES (23, 'Aurel', 'GHITA', 1);
INSERT INTO PROFILE (ID, FIRSTNAME, LASTNAME, USER_POSITION_ID)
    VALUES (24, 'Laura', 'DUMITRESCU', 1);
INSERT INTO PROFILE (ID, FIRSTNAME, LASTNAME, USER_POSITION_ID)
    VALUES (25, 'Sergiu', 'FLORESCU', 1);

# Insert users
INSERT INTO USER (ID, EMAIL, PASSWORD, ENABLED, ROLE_ID, PROFILE_ID)
    VALUES (1, 'ana.diaconescu@google.com', '$2a$10$ZaicZn7O8kK8/s/hJydTTuvxsObLoSfkU9Jn8VWOHZamwZpH2NLIe', b'1', 1, 1);
INSERT INTO USER (ID, EMAIL, PASSWORD, ENABLED, ROLE_ID, PROFILE_ID)
    VALUES (2, 'isabela.constantin@aim.com', '$2a$10$ZaicZn7O8kK8/s/hJydTTuvxsObLoSfkU9Jn8VWOHZamwZpH2NLIe', b'1', 2, 2);
INSERT INTO USER (ID, EMAIL, PASSWORD, ENABLED, ROLE_ID, PROFILE_ID)
    VALUES (3, 'luiza.voinea@fastmail.com', '$2a$10$ZaicZn7O8kK8/s/hJydTTuvxsObLoSfkU9Jn8VWOHZamwZpH2NLIe', b'1', 2, 3);
INSERT INTO USER (ID, EMAIL, PASSWORD, ENABLED, ROLE_ID, PROFILE_ID)
    VALUES (4, 'beatrice.cristea@myspace.com', '$2a$10$ZaicZn7O8kK8/s/hJydTTuvxsObLoSfkU9Jn8VWOHZamwZpH2NLIe', b'1', 2, 4);
INSERT INTO USER (ID, EMAIL, PASSWORD, ENABLED, ROLE_ID, PROFILE_ID)
    VALUES (5, 'rodica.mocanu@inbox.com', '$2a$10$ZaicZn7O8kK8/s/hJydTTuvxsObLoSfkU9Jn8VWOHZamwZpH2NLIe', b'1', 2, 5);
INSERT INTO USER (ID, EMAIL, PASSWORD, ENABLED, ROLE_ID, PROFILE_ID)
    VALUES (6, 'beatrice.georgescu@aol.com', '$2a$10$ZaicZn7O8kK8/s/hJydTTuvxsObLoSfkU9Jn8VWOHZamwZpH2NLIe', b'1', 3, 6);
INSERT INTO USER (ID, EMAIL, PASSWORD, ENABLED, ROLE_ID, PROFILE_ID)
    VALUES (7, 'bianca.mihai@fanbox.com', '$2a$10$ZaicZn7O8kK8/s/hJydTTuvxsObLoSfkU9Jn8VWOHZamwZpH2NLIe', b'1', 3, 7);
INSERT INTO USER (ID, EMAIL, PASSWORD, ENABLED, ROLE_ID, PROFILE_ID)
    VALUES (8, 'delia.preda@fastmail.com', '$2a$10$ZaicZn7O8kK8/s/hJydTTuvxsObLoSfkU9Jn8VWOHZamwZpH2NLIe', b'1', 3, 8);
INSERT INTO USER (ID, EMAIL, PASSWORD, ENABLED, ROLE_ID, PROFILE_ID)
    VALUES (9, 'delia.ghita@myrealbox.com', '$2a$10$ZaicZn7O8kK8/s/hJydTTuvxsObLoSfkU9Jn8VWOHZamwZpH2NLIe', b'1', 3, 9);
INSERT INTO USER (ID, EMAIL, PASSWORD, ENABLED, ROLE_ID, PROFILE_ID)
    VALUES (10, 'paula.tudor@inbox.com', '$2a$10$ZaicZn7O8kK8/s/hJydTTuvxsObLoSfkU9Jn8VWOHZamwZpH2NLIe', b'1', 3, 10);
INSERT INTO USER (ID, EMAIL, PASSWORD, ENABLED, ROLE_ID, PROFILE_ID)
    VALUES (11, 'andrei.dinu@gmx.com', '$2a$10$ZaicZn7O8kK8/s/hJydTTuvxsObLoSfkU9Jn8VWOHZamwZpH2NLIe', b'1', 3, 11);
INSERT INTO USER (ID, EMAIL, PASSWORD, ENABLED, ROLE_ID, PROFILE_ID)
    VALUES (12, 'doina.ispas@lavabit.com', '$2a$10$ZaicZn7O8kK8/s/hJydTTuvxsObLoSfkU9Jn8VWOHZamwZpH2NLIe', b'1', 3, 12);
INSERT INTO USER (ID, EMAIL, PASSWORD, ENABLED, ROLE_ID, PROFILE_ID)
    VALUES (13, 'cristian.mihai@gmx.com', '$2a$10$ZaicZn7O8kK8/s/hJydTTuvxsObLoSfkU9Jn8VWOHZamwZpH2NLIe', b'1', 3, 13);
INSERT INTO USER (ID, EMAIL, PASSWORD, ENABLED, ROLE_ID, PROFILE_ID)
    VALUES (14, 'clara.tudor@aim.com', '$2a$10$ZaicZn7O8kK8/s/hJydTTuvxsObLoSfkU9Jn8VWOHZamwZpH2NLIe', b'1', 3, 14);
INSERT INTO USER (ID, EMAIL, PASSWORD, ENABLED, ROLE_ID, PROFILE_ID)
    VALUES (15, 'ilinca.diaconescu@yahoo.com', '$2a$10$ZaicZn7O8kK8/s/hJydTTuvxsObLoSfkU9Jn8VWOHZamwZpH2NLIe', b'1', 3, 15);
INSERT INTO USER (ID, EMAIL, PASSWORD, ENABLED, ROLE_ID, PROFILE_ID)
    VALUES (16, 'cosmin.constantin@live.com', '$2a$10$ZaicZn7O8kK8/s/hJydTTuvxsObLoSfkU9Jn8VWOHZamwZpH2NLIe', b'1', 3, 16);
INSERT INTO USER (ID, EMAIL, PASSWORD, ENABLED, ROLE_ID, PROFILE_ID)
    VALUES (17, 'emil.stefan@zapak.com', '$2a$10$ZaicZn7O8kK8/s/hJydTTuvxsObLoSfkU9Jn8VWOHZamwZpH2NLIe', b'1', 3, 17);
INSERT INTO USER (ID, EMAIL, PASSWORD, ENABLED, ROLE_ID, PROFILE_ID)
    VALUES (18, 'mircea.diaconu@hotmail.com', '$2a$10$ZaicZn7O8kK8/s/hJydTTuvxsObLoSfkU9Jn8VWOHZamwZpH2NLIe', b'1', 3, 18);
INSERT INTO USER (ID, EMAIL, PASSWORD, ENABLED, ROLE_ID, PROFILE_ID)
    VALUES (19, 'georgeta.mocanu@in.com', '$2a$10$ZaicZn7O8kK8/s/hJydTTuvxsObLoSfkU9Jn8VWOHZamwZpH2NLIe', b'1', 3, 19);
INSERT INTO USER (ID, EMAIL, PASSWORD, ENABLED, ROLE_ID, PROFILE_ID)
    VALUES (20, 'catalin.barbu@live.com', '$2a$10$ZaicZn7O8kK8/s/hJydTTuvxsObLoSfkU9Jn8VWOHZamwZpH2NLIe', b'1', 3, 20);
INSERT INTO USER (ID, EMAIL, PASSWORD, ENABLED, ROLE_ID, PROFILE_ID)
    VALUES (21, 'silviu.popescu@myrealbox.com', '$2a$10$ZaicZn7O8kK8/s/hJydTTuvxsObLoSfkU9Jn8VWOHZamwZpH2NLIe', b'1', 3, 21);
INSERT INTO USER (ID, EMAIL, PASSWORD, ENABLED, ROLE_ID, PROFILE_ID)
    VALUES (22, 'mircea.pop@bigstring.com', '$2a$10$ZaicZn7O8kK8/s/hJydTTuvxsObLoSfkU9Jn8VWOHZamwZpH2NLIe', b'1', 3, 22);
INSERT INTO USER (ID, EMAIL, PASSWORD, ENABLED, ROLE_ID, PROFILE_ID)
    VALUES (23, 'aurel.ghita@live.com', '$2a$10$ZaicZn7O8kK8/s/hJydTTuvxsObLoSfkU9Jn8VWOHZamwZpH2NLIe', b'1', 3, 23);
INSERT INTO USER (ID, EMAIL, PASSWORD, ENABLED, ROLE_ID, PROFILE_ID)
    VALUES (24, 'laura.dumitrescu@email.com', '$2a$10$ZaicZn7O8kK8/s/hJydTTuvxsObLoSfkU9Jn8VWOHZamwZpH2NLIe', b'1', 3, 24);
INSERT INTO USER (ID, EMAIL, PASSWORD, ENABLED, ROLE_ID, PROFILE_ID)
    VALUES (25, 'sergiu.florescu@myspace.com', '$2a$10$ZaicZn7O8kK8/s/hJydTTuvxsObLoSfkU9Jn8VWOHZamwZpH2NLIe', b'1', 3, 25);


# Insert skill_category
INSERT INTO SKILL_CATEGORY(ID, NAME, VERSION, CREATED) VALUES ('1', 'Technical skill', '0', '2016-03-26 19:08:10');
INSERT INTO SKILL_CATEGORY(ID, NAME, VERSION, CREATED) VALUES ('2', 'Business analysis skill', '0', '2016-03-26 19:08:10');
INSERT INTO SKILL_CATEGORY(ID, NAME, VERSION, CREATED) VALUES ('3', 'Project management skill', '0', '2016-03-26 19:08:10');
INSERT INTO SKILL_CATEGORY(ID, NAME, VERSION, CREATED) VALUES ('4', 'Communication skill', '0', '2016-03-26 19:08:10');
INSERT INTO SKILL_CATEGORY(ID, NAME, VERSION, CREATED) VALUES ('5', 'Behavioural skill', '0', '2016-03-26 19:08:10');

# Insert skill
INSERT INTO SKILL (`ID`, `NAME`, `VERSION`, `CREATED`, `SKILL_CATEGORY_ID`) VALUES ('1', 'Java', '0', '2016-03-26 19:08:10', '1');
INSERT INTO SKILL (`ID`, `NAME`, `VERSION`, `CREATED`, `SKILL_CATEGORY_ID`) VALUES ('2', 'Spring', '0', '2016-03-26 19:08:10', '1');
INSERT INTO SKILL (`ID`, `NAME`, `VERSION`, `CREATED`, `SKILL_CATEGORY_ID`) VALUES ('3', 'EJB', '0', '2016-03-26 19:08:10', '1');
INSERT INTO SKILL (`ID`, `NAME`, `VERSION`, `CREATED`, `SKILL_CATEGORY_ID`) VALUES ('4', 'Spring Security', '0', '2016-03-26 19:08:10', '1');
INSERT INTO SKILL (`ID`, `NAME`, `VERSION`, `CREATED`, `SKILL_CATEGORY_ID`) VALUES ('5', 'JSP', '0', '2016-03-26 19:08:10', '1');
INSERT INTO SKILL (`ID`, `NAME`, `VERSION`, `CREATED`, `SKILL_CATEGORY_ID`) VALUES ('6', 'JSF', '0', '2016-03-26 19:08:10', '1');
INSERT INTO SKILL (`ID`, `NAME`, `VERSION`, `CREATED`, `SKILL_CATEGORY_ID`) VALUES ('7', 'Spring Integration', '0', '2016-03-26 19:08:10', '1');
INSERT INTO SKILL (`ID`, `NAME`, `VERSION`, `CREATED`, `SKILL_CATEGORY_ID`) VALUES ('8', 'Junit', '0', '2016-03-26 19:08:10', '1');
INSERT INTO SKILL (`ID`, `NAME`, `VERSION`, `CREATED`, `SKILL_CATEGORY_ID`) VALUES ('9', 'Hibernate', '0', '2016-03-26 19:08:10', '1');
INSERT INTO SKILL (`ID`, `NAME`, `VERSION`, `CREATED`, `SKILL_CATEGORY_ID`) VALUES ('10', 'Struts', '0', '2016-03-26 19:08:10', '1');
INSERT INTO SKILL (`ID`, `NAME`, `VERSION`, `CREATED`, `SKILL_CATEGORY_ID`) VALUES ('11', 'PHP', '0', '2016-03-26 19:08:10', '1');
INSERT INTO SKILL (`ID`, `NAME`, `VERSION`, `CREATED`, `SKILL_CATEGORY_ID`) VALUES ('12', 'Python', '0', '2016-03-26 19:08:10', '1');
INSERT INTO SKILL (`ID`, `NAME`, `VERSION`, `CREATED`, `SKILL_CATEGORY_ID`) VALUES ('13', 'Perl', '0', '2016-03-26 19:08:10', '1');
INSERT INTO SKILL (`ID`, `NAME`, `VERSION`, `CREATED`, `SKILL_CATEGORY_ID`) VALUES ('14', 'JavaScript', '0', '2016-03-26 19:08:10', '1');
INSERT INTO SKILL (`ID`, `NAME`, `VERSION`, `CREATED`, `SKILL_CATEGORY_ID`) VALUES ('15', 'AngularJS', '0', '2016-03-26 19:08:10', '1');
INSERT INTO SKILL (`ID`, `NAME`, `VERSION`, `CREATED`, `SKILL_CATEGORY_ID`) VALUES ('16', 'C#', '0', '2016-03-26 19:08:10', '1');
INSERT INTO SKILL (`ID`, `NAME`, `VERSION`, `CREATED`, `SKILL_CATEGORY_ID`) VALUES ('17', 'C++', '0', '2016-03-26 19:08:10', '1');
INSERT INTO SKILL (`ID`, `NAME`, `VERSION`, `CREATED`, `SKILL_CATEGORY_ID`) VALUES ('18', 'Oracle', '0', '2016-03-26 19:08:10', '1');
INSERT INTO SKILL (`ID`, `NAME`, `VERSION`, `CREATED`, `SKILL_CATEGORY_ID`) VALUES ('19', 'MySQL', '0', '2016-03-26 19:08:10', '1');
INSERT INTO SKILL (`ID`, `NAME`, `VERSION`, `CREATED`, `SKILL_CATEGORY_ID`) VALUES ('20', 'MongoDB', '0', '2016-03-26 19:08:10', '1');

INSERT INTO SKILL (`ID`, `NAME`, `VERSION`, `CREATED`, `SKILL_CATEGORY_ID`) VALUES ('21', 'Finance', '0', '2016-03-26 19:08:10', '2');
INSERT INTO SKILL (`ID`, `NAME`, `VERSION`, `CREATED`, `SKILL_CATEGORY_ID`) VALUES ('22', 'Insurance', '0', '2016-03-26 19:08:10', '2');
INSERT INTO SKILL (`ID`, `NAME`, `VERSION`, `CREATED`, `SKILL_CATEGORY_ID`) VALUES ('23', 'Multimedia', '0', '2016-03-26 19:08:10', '2');
INSERT INTO SKILL (`ID`, `NAME`, `VERSION`, `CREATED`, `SKILL_CATEGORY_ID`) VALUES ('24', 'Public Relations ', '0', '2016-03-26 19:08:10', '2');
INSERT INTO SKILL (`ID`, `NAME`, `VERSION`, `CREATED`, `SKILL_CATEGORY_ID`) VALUES ('25', 'Business Intelligence, Reporting ', '0', '2016-03-26 19:08:10', '2');

INSERT INTO SKILL (`ID`, `NAME`, `VERSION`, `CREATED`, `SKILL_CATEGORY_ID`) VALUES ('26', 'Client communication ', '0', '2016-03-26 19:08:10', '4');
INSERT INTO SKILL (`ID`, `NAME`, `VERSION`, `CREATED`, `SKILL_CATEGORY_ID`) VALUES ('27', 'Public Speaking ', '0', '2016-03-26 19:08:10', '4');
INSERT INTO SKILL (`ID`, `NAME`, `VERSION`, `CREATED`, `SKILL_CATEGORY_ID`) VALUES ('28', 'English Proficiency ', '0', '2016-03-26 19:08:10', '4');

INSERT INTO SKILL (`ID`, `NAME`, `VERSION`, `CREATED`, `SKILL_CATEGORY_ID`) VALUES ('29', 'Team cooperation ', '0', '2016-03-26 19:08:10', '5');
INSERT INTO SKILL (`ID`, `NAME`, `VERSION`, `CREATED`, `SKILL_CATEGORY_ID`) VALUES ('30', 'Open minded ', '0', '2016-03-26 19:08:10', '5');

INSERT INTO SKILL (`ID`, `NAME`, `VERSION`, `CREATED`, `SKILL_CATEGORY_ID`) VALUES ('31', 'Jira ', '0', '2016-03-26 19:08:10', '3');
INSERT INTO SKILL (`ID`, `NAME`, `VERSION`, `CREATED`, `SKILL_CATEGORY_ID`) VALUES ('32', 'Microsoft Project ', '0', '2016-03-26 19:08:10', '3');
INSERT INTO SKILL (`ID`, `NAME`, `VERSION`, `CREATED`, `SKILL_CATEGORY_ID`) VALUES ('33', 'Excel ', '0', '2016-03-26 19:08:10', '3');

#Insert profile skill
INSERT INTO PROFILE_has_SKILL (`ID`, `PROFILE_ID`, `SKILL_ID`, `SCORE`, `VERSION`, `CREATED`) VALUES ('1', '1', '9', '5.0', '0', '2016-03-26 19:08:10');
INSERT INTO PROFILE_has_SKILL (`ID`, `PROFILE_ID`, `SKILL_ID`, `SCORE`, `VERSION`, `CREATED`) VALUES ('2', '1', '28', '9.0', '0', '2016-03-26 19:08:10');
INSERT INTO PROFILE_has_SKILL (`ID`, `PROFILE_ID`, `SKILL_ID`, `SCORE`, `VERSION`, `CREATED`) VALUES ('3', '1', '4', '6.0', '0', '2016-03-26 19:08:10');
INSERT INTO PROFILE_has_SKILL (`ID`, `PROFILE_ID`, `SKILL_ID`, `SCORE`, `VERSION`, `CREATED`) VALUES ('4', '1', '12', '7.0', '0', '2016-03-26 19:08:10');
INSERT INTO PROFILE_has_SKILL (`ID`, `PROFILE_ID`, `SKILL_ID`, `SCORE`, `VERSION`, `CREATED`) VALUES ('5', '1', '8', '5.0', '0', '2016-03-26 19:08:10');
INSERT INTO PROFILE_has_SKILL (`ID`, `PROFILE_ID`, `SKILL_ID`, `SCORE`, `VERSION`, `CREATED`) VALUES ('6', '1', '1', '2.0', '0', '2016-03-26 19:08:10');
INSERT INTO PROFILE_has_SKILL (`ID`, `PROFILE_ID`, `SKILL_ID`, `SCORE`, `VERSION`, `CREATED`) VALUES ('7', '1', '20', '1.0', '0', '2016-03-26 19:08:10');
INSERT INTO PROFILE_has_SKILL (`ID`, `PROFILE_ID`, `SKILL_ID`, `SCORE`, `VERSION`, `CREATED`) VALUES ('8', '1', '6', '9.0', '0', '2016-03-26 19:08:10');
INSERT INTO PROFILE_has_SKILL (`ID`, `PROFILE_ID`, `SKILL_ID`, `SCORE`, `VERSION`, `CREATED`) VALUES ('9', '1', '24', '0.0', '0', '2016-03-26 19:08:10');
INSERT INTO PROFILE_has_SKILL (`ID`, `PROFILE_ID`, `SKILL_ID`, `SCORE`, `VERSION`, `CREATED`) VALUES ('10', '1', '19', '9.0', '0', '2016-03-26 19:08:10');

INSERT INTO PROFILE_has_SKILL (`ID`, `PROFILE_ID`, `SKILL_ID`, `SCORE`, `VERSION`, `CREATED`) VALUES ('11', '2', '22', '1.0', '0', '2016-03-26 19:08:10');
INSERT INTO PROFILE_has_SKILL (`ID`, `PROFILE_ID`, `SKILL_ID`, `SCORE`, `VERSION`, `CREATED`) VALUES ('12', '2', '33', '2.0', '0', '2016-03-26 19:08:10');
INSERT INTO PROFILE_has_SKILL (`ID`, `PROFILE_ID`, `SKILL_ID`, `SCORE`, `VERSION`, `CREATED`) VALUES ('13', '2', '27', '9.0', '0', '2016-03-26 19:08:10');
INSERT INTO PROFILE_has_SKILL (`ID`, `PROFILE_ID`, `SKILL_ID`, `SCORE`, `VERSION`, `CREATED`) VALUES ('14', '2', '1', '0.0', '0', '2016-03-26 19:08:10');
INSERT INTO PROFILE_has_SKILL (`ID`, `PROFILE_ID`, `SKILL_ID`, `SCORE`, `VERSION`, `CREATED`) VALUES ('15', '2', '8', '2.0', '0', '2016-03-26 19:08:10');
INSERT INTO PROFILE_has_SKILL (`ID`, `PROFILE_ID`, `SKILL_ID`, `SCORE`, `VERSION`, `CREATED`) VALUES ('16', '2', '32', '6.0', '0', '2016-03-26 19:08:10');
INSERT INTO PROFILE_has_SKILL (`ID`, `PROFILE_ID`, `SKILL_ID`, `SCORE`, `VERSION`, `CREATED`) VALUES ('17', '2', '9', '0.0', '0', '2016-03-26 19:08:10');
INSERT INTO PROFILE_has_SKILL (`ID`, `PROFILE_ID`, `SKILL_ID`, `SCORE`, `VERSION`, `CREATED`) VALUES ('18', '2', '26', '7.0', '0', '2016-03-26 19:08:10');
INSERT INTO PROFILE_has_SKILL (`ID`, `PROFILE_ID`, `SKILL_ID`, `SCORE`, `VERSION`, `CREATED`) VALUES ('19', '2', '5', '9.0', '0', '2016-03-26 19:08:10');
INSERT INTO PROFILE_has_SKILL (`ID`, `PROFILE_ID`, `SKILL_ID`, `SCORE`, `VERSION`, `CREATED`) VALUES ('20', '2', '14', '6.0', '0', '2016-03-26 19:08:10');

INSERT INTO PROFILE_has_SKILL (`ID`, `PROFILE_ID`, `SKILL_ID`, `SCORE`, `VERSION`, `CREATED`) VALUES ('21', '3', '22', '8.0', '0', '2016-03-26 19:08:10');
INSERT INTO PROFILE_has_SKILL (`ID`, `PROFILE_ID`, `SKILL_ID`, `SCORE`, `VERSION`, `CREATED`) VALUES ('22', '3', '5', '6.0', '0', '2016-03-26 19:08:10');
INSERT INTO PROFILE_has_SKILL (`ID`, `PROFILE_ID`, `SKILL_ID`, `SCORE`, `VERSION`, `CREATED`) VALUES ('23', '3', '2', '1.0', '0', '2016-03-26 19:08:10');
INSERT INTO PROFILE_has_SKILL (`ID`, `PROFILE_ID`, `SKILL_ID`, `SCORE`, `VERSION`, `CREATED`) VALUES ('24', '3', '11', '4.0', '0', '2016-03-26 19:08:10');
INSERT INTO PROFILE_has_SKILL (`ID`, `PROFILE_ID`, `SKILL_ID`, `SCORE`, `VERSION`, `CREATED`) VALUES ('25', '3', '18', '5.0', '0', '2016-03-26 19:08:10');
INSERT INTO PROFILE_has_SKILL (`ID`, `PROFILE_ID`, `SKILL_ID`, `SCORE`, `VERSION`, `CREATED`) VALUES ('26', '3', '20', '2.0', '0', '2016-03-26 19:08:10');
INSERT INTO PROFILE_has_SKILL (`ID`, `PROFILE_ID`, `SKILL_ID`, `SCORE`, `VERSION`, `CREATED`) VALUES ('27', '3', '32', '6.0', '0', '2016-03-26 19:08:10');
INSERT INTO PROFILE_has_SKILL (`ID`, `PROFILE_ID`, `SKILL_ID`, `SCORE`, `VERSION`, `CREATED`) VALUES ('28', '3', '21', '1.0', '0', '2016-03-26 19:08:10');
INSERT INTO PROFILE_has_SKILL (`ID`, `PROFILE_ID`, `SKILL_ID`, `SCORE`, `VERSION`, `CREATED`) VALUES ('29', '3', '25', '8.0', '0', '2016-03-26 19:08:10');
INSERT INTO PROFILE_has_SKILL (`ID`, `PROFILE_ID`, `SKILL_ID`, `SCORE`, `VERSION`, `CREATED`) VALUES ('30', '3', '9', '3.0', '0', '2016-03-26 19:08:10');

INSERT INTO PROFILE_has_SKILL (`ID`, `PROFILE_ID`, `SKILL_ID`, `SCORE`, `VERSION`, `CREATED`) VALUES ('31', '4', '8', '7.0', '0', '2016-03-26 19:08:10');
INSERT INTO PROFILE_has_SKILL (`ID`, `PROFILE_ID`, `SKILL_ID`, `SCORE`, `VERSION`, `CREATED`) VALUES ('32', '4', '5', '8.0', '0', '2016-03-26 19:08:10');
INSERT INTO PROFILE_has_SKILL (`ID`, `PROFILE_ID`, `SKILL_ID`, `SCORE`, `VERSION`, `CREATED`) VALUES ('33', '4', '19', '1.0', '0', '2016-03-26 19:08:10');
INSERT INTO PROFILE_has_SKILL (`ID`, `PROFILE_ID`, `SKILL_ID`, `SCORE`, `VERSION`, `CREATED`) VALUES ('34', '4', '32', '0.0', '0', '2016-03-26 19:08:10');
INSERT INTO PROFILE_has_SKILL (`ID`, `PROFILE_ID`, `SKILL_ID`, `SCORE`, `VERSION`, `CREATED`) VALUES ('35', '4', '25', '6.0', '0', '2016-03-26 19:08:10');
INSERT INTO PROFILE_has_SKILL (`ID`, `PROFILE_ID`, `SKILL_ID`, `SCORE`, `VERSION`, `CREATED`) VALUES ('36', '4', '3', '4.0', '0', '2016-03-26 19:08:10');
INSERT INTO PROFILE_has_SKILL (`ID`, `PROFILE_ID`, `SKILL_ID`, `SCORE`, `VERSION`, `CREATED`) VALUES ('37', '4', '1', '5.0', '0', '2016-03-26 19:08:10');
INSERT INTO PROFILE_has_SKILL (`ID`, `PROFILE_ID`, `SKILL_ID`, `SCORE`, `VERSION`, `CREATED`) VALUES ('38', '4', '12', '5.0', '0', '2016-03-26 19:08:10');
INSERT INTO PROFILE_has_SKILL (`ID`, `PROFILE_ID`, `SKILL_ID`, `SCORE`, `VERSION`, `CREATED`) VALUES ('39', '4', '17', '0.0', '0', '2016-03-26 19:08:10');
INSERT INTO PROFILE_has_SKILL (`ID`, `PROFILE_ID`, `SKILL_ID`, `SCORE`, `VERSION`, `CREATED`) VALUES ('40', '4', '30', '4.0', '0', '2016-03-26 19:08:10');

INSERT INTO PROFILE_has_SKILL (`ID`, `PROFILE_ID`, `SKILL_ID`, `SCORE`, `VERSION`, `CREATED`) VALUES ('41', '5', '27', '6.0', '0', '2016-03-26 19:08:10');
INSERT INTO PROFILE_has_SKILL (`ID`, `PROFILE_ID`, `SKILL_ID`, `SCORE`, `VERSION`, `CREATED`) VALUES ('42', '5', '20', '5.0', '0', '2016-03-26 19:08:10');
INSERT INTO PROFILE_has_SKILL (`ID`, `PROFILE_ID`, `SKILL_ID`, `SCORE`, `VERSION`, `CREATED`) VALUES ('43', '5', '12', '7.0', '0', '2016-03-26 19:08:10');
INSERT INTO PROFILE_has_SKILL (`ID`, `PROFILE_ID`, `SKILL_ID`, `SCORE`, `VERSION`, `CREATED`) VALUES ('44', '5', '14', '0.0', '0', '2016-03-26 19:08:10');
INSERT INTO PROFILE_has_SKILL (`ID`, `PROFILE_ID`, `SKILL_ID`, `SCORE`, `VERSION`, `CREATED`) VALUES ('45', '5', '2', '5.0', '0', '2016-03-26 19:08:10');
INSERT INTO PROFILE_has_SKILL (`ID`, `PROFILE_ID`, `SKILL_ID`, `SCORE`, `VERSION`, `CREATED`) VALUES ('46', '5', '4', '3.0', '0', '2016-03-26 19:08:10');
INSERT INTO PROFILE_has_SKILL (`ID`, `PROFILE_ID`, `SKILL_ID`, `SCORE`, `VERSION`, `CREATED`) VALUES ('47', '5', '18', '0.0', '0', '2016-03-26 19:08:10');
INSERT INTO PROFILE_has_SKILL (`ID`, `PROFILE_ID`, `SKILL_ID`, `SCORE`, `VERSION`, `CREATED`) VALUES ('48', '5', '31', '2.0', '0', '2016-03-26 19:08:10');
INSERT INTO PROFILE_has_SKILL (`ID`, `PROFILE_ID`, `SKILL_ID`, `SCORE`, `VERSION`, `CREATED`) VALUES ('49', '5', '30', '8.0', '0', '2016-03-26 19:08:10');
INSERT INTO PROFILE_has_SKILL (`ID`, `PROFILE_ID`, `SKILL_ID`, `SCORE`, `VERSION`, `CREATED`) VALUES ('50', '5', '11', '4.0', '0', '2016-03-26 19:08:10');

INSERT INTO PROFILE_has_SKILL (`ID`, `PROFILE_ID`, `SKILL_ID`, `SCORE`, `VERSION`, `CREATED`) VALUES ('51', '6', '29', '5.0', '0', '2016-03-26 19:08:10');
INSERT INTO PROFILE_has_SKILL (`ID`, `PROFILE_ID`, `SKILL_ID`, `SCORE`, `VERSION`, `CREATED`) VALUES ('52', '6', '10', '0.0', '0', '2016-03-26 19:08:10');
INSERT INTO PROFILE_has_SKILL (`ID`, `PROFILE_ID`, `SKILL_ID`, `SCORE`, `VERSION`, `CREATED`) VALUES ('53', '6', '12', '8.0', '0', '2016-03-26 19:08:10');
INSERT INTO PROFILE_has_SKILL (`ID`, `PROFILE_ID`, `SKILL_ID`, `SCORE`, `VERSION`, `CREATED`) VALUES ('54', '6', '28', '3.0', '0', '2016-03-26 19:08:10');
INSERT INTO PROFILE_has_SKILL (`ID`, `PROFILE_ID`, `SKILL_ID`, `SCORE`, `VERSION`, `CREATED`) VALUES ('55', '6', '22', '2.0', '0', '2016-03-26 19:08:10');
INSERT INTO PROFILE_has_SKILL (`ID`, `PROFILE_ID`, `SKILL_ID`, `SCORE`, `VERSION`, `CREATED`) VALUES ('56', '6', '4', '8.0', '0', '2016-03-26 19:08:10');
INSERT INTO PROFILE_has_SKILL (`ID`, `PROFILE_ID`, `SKILL_ID`, `SCORE`, `VERSION`, `CREATED`) VALUES ('57', '6', '32', '6.0', '0', '2016-03-26 19:08:10');
INSERT INTO PROFILE_has_SKILL (`ID`, `PROFILE_ID`, `SKILL_ID`, `SCORE`, `VERSION`, `CREATED`) VALUES ('58', '6', '2', '6.0', '0', '2016-03-26 19:08:10');
INSERT INTO PROFILE_has_SKILL (`ID`, `PROFILE_ID`, `SKILL_ID`, `SCORE`, `VERSION`, `CREATED`) VALUES ('59', '6', '27', '4.0', '0', '2016-03-26 19:08:10');
INSERT INTO PROFILE_has_SKILL (`ID`, `PROFILE_ID`, `SKILL_ID`, `SCORE`, `VERSION`, `CREATED`) VALUES ('60', '6', '18', '2.0', '0', '2016-03-26 19:08:10');

INSERT INTO PROFILE_has_SKILL (`ID`, `PROFILE_ID`, `SKILL_ID`, `SCORE`, `VERSION`, `CREATED`) VALUES ('61', '7', '6', '3.0', '0', '2016-03-26 19:08:10');
INSERT INTO PROFILE_has_SKILL (`ID`, `PROFILE_ID`, `SKILL_ID`, `SCORE`, `VERSION`, `CREATED`) VALUES ('62', '7', '14', '9.0', '0', '2016-03-26 19:08:10');
INSERT INTO PROFILE_has_SKILL (`ID`, `PROFILE_ID`, `SKILL_ID`, `SCORE`, `VERSION`, `CREATED`) VALUES ('63', '7', '7', '5.0', '0', '2016-03-26 19:08:10');
INSERT INTO PROFILE_has_SKILL (`ID`, `PROFILE_ID`, `SKILL_ID`, `SCORE`, `VERSION`, `CREATED`) VALUES ('64', '7', '25', '6.0', '0', '2016-03-26 19:08:10');
INSERT INTO PROFILE_has_SKILL (`ID`, `PROFILE_ID`, `SKILL_ID`, `SCORE`, `VERSION`, `CREATED`) VALUES ('65', '7', '19', '4.0', '0', '2016-03-26 19:08:10');
INSERT INTO PROFILE_has_SKILL (`ID`, `PROFILE_ID`, `SKILL_ID`, `SCORE`, `VERSION`, `CREATED`) VALUES ('66', '7', '15', '5.0', '0', '2016-03-26 19:08:10');
INSERT INTO PROFILE_has_SKILL (`ID`, `PROFILE_ID`, `SKILL_ID`, `SCORE`, `VERSION`, `CREATED`) VALUES ('67', '7', '32', '3.0', '0', '2016-03-26 19:08:10');
INSERT INTO PROFILE_has_SKILL (`ID`, `PROFILE_ID`, `SKILL_ID`, `SCORE`, `VERSION`, `CREATED`) VALUES ('68', '7', '27', '4.0', '0', '2016-03-26 19:08:10');
INSERT INTO PROFILE_has_SKILL (`ID`, `PROFILE_ID`, `SKILL_ID`, `SCORE`, `VERSION`, `CREATED`) VALUES ('69', '7', '23', '8.0', '0', '2016-03-26 19:08:10');
INSERT INTO PROFILE_has_SKILL (`ID`, `PROFILE_ID`, `SKILL_ID`, `SCORE`, `VERSION`, `CREATED`) VALUES ('70', '7', '16', '1.0', '0', '2016-03-26 19:08:10');

INSERT INTO PROFILE_has_SKILL (`ID`, `PROFILE_ID`, `SKILL_ID`, `SCORE`, `VERSION`, `CREATED`) VALUES ('71', '8', '28', '1.0', '0', '2016-03-26 19:08:10');
INSERT INTO PROFILE_has_SKILL (`ID`, `PROFILE_ID`, `SKILL_ID`, `SCORE`, `VERSION`, `CREATED`) VALUES ('72', '8', '31', '5.0', '0', '2016-03-26 19:08:10');
INSERT INTO PROFILE_has_SKILL (`ID`, `PROFILE_ID`, `SKILL_ID`, `SCORE`, `VERSION`, `CREATED`) VALUES ('73', '8', '11', '2.0', '0', '2016-03-26 19:08:10');
INSERT INTO PROFILE_has_SKILL (`ID`, `PROFILE_ID`, `SKILL_ID`, `SCORE`, `VERSION`, `CREATED`) VALUES ('74', '8', '7', '8.0', '0', '2016-03-26 19:08:10');
INSERT INTO PROFILE_has_SKILL (`ID`, `PROFILE_ID`, `SKILL_ID`, `SCORE`, `VERSION`, `CREATED`) VALUES ('75', '8', '32', '8.0', '0', '2016-03-26 19:08:10');
INSERT INTO PROFILE_has_SKILL (`ID`, `PROFILE_ID`, `SKILL_ID`, `SCORE`, `VERSION`, `CREATED`) VALUES ('76', '8', '30', '0.0', '0', '2016-03-26 19:08:10');
INSERT INTO PROFILE_has_SKILL (`ID`, `PROFILE_ID`, `SKILL_ID`, `SCORE`, `VERSION`, `CREATED`) VALUES ('77', '8', '29', '7.0', '0', '2016-03-26 19:08:10');
INSERT INTO PROFILE_has_SKILL (`ID`, `PROFILE_ID`, `SKILL_ID`, `SCORE`, `VERSION`, `CREATED`) VALUES ('78', '8', '5', '6.0', '0', '2016-03-26 19:08:10');
INSERT INTO PROFILE_has_SKILL (`ID`, `PROFILE_ID`, `SKILL_ID`, `SCORE`, `VERSION`, `CREATED`) VALUES ('79', '8', '27', '6.0', '0', '2016-03-26 19:08:10');
INSERT INTO PROFILE_has_SKILL (`ID`, `PROFILE_ID`, `SKILL_ID`, `SCORE`, `VERSION`, `CREATED`) VALUES ('80', '8', '9', '9.0', '0', '2016-03-26 19:08:10');

INSERT INTO PROFILE_has_SKILL (`ID`, `PROFILE_ID`, `SKILL_ID`, `SCORE`, `VERSION`, `CREATED`) VALUES ('81', '9', '12', '7.0', '0', '2016-03-26 19:08:10');
INSERT INTO PROFILE_has_SKILL (`ID`, `PROFILE_ID`, `SKILL_ID`, `SCORE`, `VERSION`, `CREATED`) VALUES ('82', '9', '11', '4.0', '0', '2016-03-26 19:08:10');
INSERT INTO PROFILE_has_SKILL (`ID`, `PROFILE_ID`, `SKILL_ID`, `SCORE`, `VERSION`, `CREATED`) VALUES ('83', '9', '33', '9.0', '0', '2016-03-26 19:08:10');
INSERT INTO PROFILE_has_SKILL (`ID`, `PROFILE_ID`, `SKILL_ID`, `SCORE`, `VERSION`, `CREATED`) VALUES ('84', '9', '14', '3.0', '0', '2016-03-26 19:08:10');
INSERT INTO PROFILE_has_SKILL (`ID`, `PROFILE_ID`, `SKILL_ID`, `SCORE`, `VERSION`, `CREATED`) VALUES ('85', '9', '22', '7.0', '0', '2016-03-26 19:08:10');
INSERT INTO PROFILE_has_SKILL (`ID`, `PROFILE_ID`, `SKILL_ID`, `SCORE`, `VERSION`, `CREATED`) VALUES ('86', '9', '24', '1.0', '0', '2016-03-26 19:08:10');
INSERT INTO PROFILE_has_SKILL (`ID`, `PROFILE_ID`, `SKILL_ID`, `SCORE`, `VERSION`, `CREATED`) VALUES ('87', '9', '2', '4.0', '0', '2016-03-26 19:08:10');
INSERT INTO PROFILE_has_SKILL (`ID`, `PROFILE_ID`, `SKILL_ID`, `SCORE`, `VERSION`, `CREATED`) VALUES ('88', '9', '20', '5.0', '0', '2016-03-26 19:08:10');
INSERT INTO PROFILE_has_SKILL (`ID`, `PROFILE_ID`, `SKILL_ID`, `SCORE`, `VERSION`, `CREATED`) VALUES ('89', '9', '7', '7.0', '0', '2016-03-26 19:08:10');
INSERT INTO PROFILE_has_SKILL (`ID`, `PROFILE_ID`, `SKILL_ID`, `SCORE`, `VERSION`, `CREATED`) VALUES ('90', '9', '17', '4.0', '0', '2016-03-26 19:08:10');

INSERT INTO PROFILE_has_SKILL (`ID`, `PROFILE_ID`, `SKILL_ID`, `SCORE`, `VERSION`, `CREATED`) VALUES ('91', '10', '15', '2.0', '0', '2016-03-26 19:08:10');
INSERT INTO PROFILE_has_SKILL (`ID`, `PROFILE_ID`, `SKILL_ID`, `SCORE`, `VERSION`, `CREATED`) VALUES ('92', '10', '31', '6.0', '0', '2016-03-26 19:08:10');
INSERT INTO PROFILE_has_SKILL (`ID`, `PROFILE_ID`, `SKILL_ID`, `SCORE`, `VERSION`, `CREATED`) VALUES ('93', '10', '17', '6.0', '0', '2016-03-26 19:08:10');
INSERT INTO PROFILE_has_SKILL (`ID`, `PROFILE_ID`, `SKILL_ID`, `SCORE`, `VERSION`, `CREATED`) VALUES ('94', '10', '27', '5.0', '0', '2016-03-26 19:08:10');
INSERT INTO PROFILE_has_SKILL (`ID`, `PROFILE_ID`, `SKILL_ID`, `SCORE`, `VERSION`, `CREATED`) VALUES ('95', '10', '22', '9.0', '0', '2016-03-26 19:08:10');
INSERT INTO PROFILE_has_SKILL (`ID`, `PROFILE_ID`, `SKILL_ID`, `SCORE`, `VERSION`, `CREATED`) VALUES ('96', '10', '23', '0.0', '0', '2016-03-26 19:08:10');
INSERT INTO PROFILE_has_SKILL (`ID`, `PROFILE_ID`, `SKILL_ID`, `SCORE`, `VERSION`, `CREATED`) VALUES ('97', '10', '16', '5.0', '0', '2016-03-26 19:08:10');
INSERT INTO PROFILE_has_SKILL (`ID`, `PROFILE_ID`, `SKILL_ID`, `SCORE`, `VERSION`, `CREATED`) VALUES ('98', '10', '4', '8.0', '0', '2016-03-26 19:08:10');
INSERT INTO PROFILE_has_SKILL (`ID`, `PROFILE_ID`, `SKILL_ID`, `SCORE`, `VERSION`, `CREATED`) VALUES ('99', '10', '30', '9.0', '0', '2016-03-26 19:08:10');
INSERT INTO PROFILE_has_SKILL (`ID`, `PROFILE_ID`, `SKILL_ID`, `SCORE`, `VERSION`, `CREATED`) VALUES ('100', '10', '1', '0.0', '0', '2016-03-26 19:08:10');

INSERT INTO PROFILE_has_SKILL (`ID`, `PROFILE_ID`, `SKILL_ID`, `SCORE`, `VERSION`, `CREATED`) VALUES ('101', '11', '4', '7.0', '0', '2016-03-26 19:08:10');
INSERT INTO PROFILE_has_SKILL (`ID`, `PROFILE_ID`, `SKILL_ID`, `SCORE`, `VERSION`, `CREATED`) VALUES ('102', '11', '13', '5.0', '0', '2016-03-26 19:08:10');
INSERT INTO PROFILE_has_SKILL (`ID`, `PROFILE_ID`, `SKILL_ID`, `SCORE`, `VERSION`, `CREATED`) VALUES ('103', '11', '20', '0.0', '0', '2016-03-26 19:08:10');
INSERT INTO PROFILE_has_SKILL (`ID`, `PROFILE_ID`, `SKILL_ID`, `SCORE`, `VERSION`, `CREATED`) VALUES ('104', '11', '24', '1.0', '0', '2016-03-26 19:08:10');
INSERT INTO PROFILE_has_SKILL (`ID`, `PROFILE_ID`, `SKILL_ID`, `SCORE`, `VERSION`, `CREATED`) VALUES ('105', '11', '18', '5.0', '0', '2016-03-26 19:08:10');
INSERT INTO PROFILE_has_SKILL (`ID`, `PROFILE_ID`, `SKILL_ID`, `SCORE`, `VERSION`, `CREATED`) VALUES ('106', '11', '11', '2.0', '0', '2016-03-26 19:08:10');
INSERT INTO PROFILE_has_SKILL (`ID`, `PROFILE_ID`, `SKILL_ID`, `SCORE`, `VERSION`, `CREATED`) VALUES ('107', '11', '9', '0.0', '0', '2016-03-26 19:08:10');
INSERT INTO PROFILE_has_SKILL (`ID`, `PROFILE_ID`, `SKILL_ID`, `SCORE`, `VERSION`, `CREATED`) VALUES ('108', '11', '28', '9.0', '0', '2016-03-26 19:08:10');
INSERT INTO PROFILE_has_SKILL (`ID`, `PROFILE_ID`, `SKILL_ID`, `SCORE`, `VERSION`, `CREATED`) VALUES ('109', '11', '31', '9.0', '0', '2016-03-26 19:08:10');
INSERT INTO PROFILE_has_SKILL (`ID`, `PROFILE_ID`, `SKILL_ID`, `SCORE`, `VERSION`, `CREATED`) VALUES ('110', '11', '27', '5.0', '0', '2016-03-26 19:08:10');

INSERT INTO PROFILE_has_SKILL (`ID`, `PROFILE_ID`, `SKILL_ID`, `SCORE`, `VERSION`, `CREATED`) VALUES ('111', '12', '29', '2.0', '0', '2016-03-26 19:08:10');
INSERT INTO PROFILE_has_SKILL (`ID`, `PROFILE_ID`, `SKILL_ID`, `SCORE`, `VERSION`, `CREATED`) VALUES ('112', '12', '1', '1.0', '0', '2016-03-26 19:08:10');
INSERT INTO PROFILE_has_SKILL (`ID`, `PROFILE_ID`, `SKILL_ID`, `SCORE`, `VERSION`, `CREATED`) VALUES ('113', '12', '16', '5.0', '0', '2016-03-26 19:08:10');
INSERT INTO PROFILE_has_SKILL (`ID`, `PROFILE_ID`, `SKILL_ID`, `SCORE`, `VERSION`, `CREATED`) VALUES ('114', '12', '13', '7.0', '0', '2016-03-26 19:08:10');
INSERT INTO PROFILE_has_SKILL (`ID`, `PROFILE_ID`, `SKILL_ID`, `SCORE`, `VERSION`, `CREATED`) VALUES ('115', '12', '7', '4.0', '0', '2016-03-26 19:08:10');
INSERT INTO PROFILE_has_SKILL (`ID`, `PROFILE_ID`, `SKILL_ID`, `SCORE`, `VERSION`, `CREATED`) VALUES ('116', '12', '27', '9.0', '0', '2016-03-26 19:08:10');
INSERT INTO PROFILE_has_SKILL (`ID`, `PROFILE_ID`, `SKILL_ID`, `SCORE`, `VERSION`, `CREATED`) VALUES ('117', '12', '15', '7.0', '0', '2016-03-26 19:08:10');
INSERT INTO PROFILE_has_SKILL (`ID`, `PROFILE_ID`, `SKILL_ID`, `SCORE`, `VERSION`, `CREATED`) VALUES ('118', '12', '18', '4.0', '0', '2016-03-26 19:08:10');
INSERT INTO PROFILE_has_SKILL (`ID`, `PROFILE_ID`, `SKILL_ID`, `SCORE`, `VERSION`, `CREATED`) VALUES ('119', '12', '21', '1.0', '0', '2016-03-26 19:08:10');
INSERT INTO PROFILE_has_SKILL (`ID`, `PROFILE_ID`, `SKILL_ID`, `SCORE`, `VERSION`, `CREATED`) VALUES ('120', '12', '8', '6.0', '0', '2016-03-26 19:08:10');

INSERT INTO PROFILE_has_SKILL (`ID`, `PROFILE_ID`, `SKILL_ID`, `SCORE`, `VERSION`, `CREATED`) VALUES ('121', '13', '4', '9.0', '0', '2016-03-26 19:08:10');
INSERT INTO PROFILE_has_SKILL (`ID`, `PROFILE_ID`, `SKILL_ID`, `SCORE`, `VERSION`, `CREATED`) VALUES ('122', '13', '15', '0.0', '0', '2016-03-26 19:08:10');
INSERT INTO PROFILE_has_SKILL (`ID`, `PROFILE_ID`, `SKILL_ID`, `SCORE`, `VERSION`, `CREATED`) VALUES ('123', '13', '24', '9.0', '0', '2016-03-26 19:08:10');
INSERT INTO PROFILE_has_SKILL (`ID`, `PROFILE_ID`, `SKILL_ID`, `SCORE`, `VERSION`, `CREATED`) VALUES ('124', '13', '22', '7.0', '0', '2016-03-26 19:08:10');
INSERT INTO PROFILE_has_SKILL (`ID`, `PROFILE_ID`, `SKILL_ID`, `SCORE`, `VERSION`, `CREATED`) VALUES ('125', '13', '13', '3.0', '0', '2016-03-26 19:08:10');
INSERT INTO PROFILE_has_SKILL (`ID`, `PROFILE_ID`, `SKILL_ID`, `SCORE`, `VERSION`, `CREATED`) VALUES ('126', '13', '16', '0.0', '0', '2016-03-26 19:08:10');
INSERT INTO PROFILE_has_SKILL (`ID`, `PROFILE_ID`, `SKILL_ID`, `SCORE`, `VERSION`, `CREATED`) VALUES ('127', '13', '2', '3.0', '0', '2016-03-26 19:08:10');
INSERT INTO PROFILE_has_SKILL (`ID`, `PROFILE_ID`, `SKILL_ID`, `SCORE`, `VERSION`, `CREATED`) VALUES ('128', '13', '30', '8.0', '0', '2016-03-26 19:08:10');
INSERT INTO PROFILE_has_SKILL (`ID`, `PROFILE_ID`, `SKILL_ID`, `SCORE`, `VERSION`, `CREATED`) VALUES ('129', '13', '6', '6.0', '0', '2016-03-26 19:08:10');
INSERT INTO PROFILE_has_SKILL (`ID`, `PROFILE_ID`, `SKILL_ID`, `SCORE`, `VERSION`, `CREATED`) VALUES ('130', '13', '28', '7.0', '0', '2016-03-26 19:08:10');

INSERT INTO PROFILE_has_SKILL (`ID`, `PROFILE_ID`, `SKILL_ID`, `SCORE`, `VERSION`, `CREATED`) VALUES ('131', '14', '25', '4.0', '0', '2016-03-26 19:08:10');
INSERT INTO PROFILE_has_SKILL (`ID`, `PROFILE_ID`, `SKILL_ID`, `SCORE`, `VERSION`, `CREATED`) VALUES ('132', '14', '15', '6.0', '0', '2016-03-26 19:08:10');
INSERT INTO PROFILE_has_SKILL (`ID`, `PROFILE_ID`, `SKILL_ID`, `SCORE`, `VERSION`, `CREATED`) VALUES ('133', '14', '20', '0.0', '0', '2016-03-26 19:08:10');
INSERT INTO PROFILE_has_SKILL (`ID`, `PROFILE_ID`, `SKILL_ID`, `SCORE`, `VERSION`, `CREATED`) VALUES ('134', '14', '32', '5.0', '0', '2016-03-26 19:08:10');
INSERT INTO PROFILE_has_SKILL (`ID`, `PROFILE_ID`, `SKILL_ID`, `SCORE`, `VERSION`, `CREATED`) VALUES ('135', '14', '22', '4.0', '0', '2016-03-26 19:08:10');
INSERT INTO PROFILE_has_SKILL (`ID`, `PROFILE_ID`, `SKILL_ID`, `SCORE`, `VERSION`, `CREATED`) VALUES ('136', '14', '21', '8.0', '0', '2016-03-26 19:08:10');
INSERT INTO PROFILE_has_SKILL (`ID`, `PROFILE_ID`, `SKILL_ID`, `SCORE`, `VERSION`, `CREATED`) VALUES ('137', '14', '26', '1.0', '0', '2016-03-26 19:08:10');
INSERT INTO PROFILE_has_SKILL (`ID`, `PROFILE_ID`, `SKILL_ID`, `SCORE`, `VERSION`, `CREATED`) VALUES ('138', '14', '23', '5.0', '0', '2016-03-26 19:08:10');
INSERT INTO PROFILE_has_SKILL (`ID`, `PROFILE_ID`, `SKILL_ID`, `SCORE`, `VERSION`, `CREATED`) VALUES ('139', '14', '12', '5.0', '0', '2016-03-26 19:08:10');
INSERT INTO PROFILE_has_SKILL (`ID`, `PROFILE_ID`, `SKILL_ID`, `SCORE`, `VERSION`, `CREATED`) VALUES ('140', '14', '1', '0.0', '0', '2016-03-26 19:08:10');

INSERT INTO PROFILE_has_SKILL (`ID`, `PROFILE_ID`, `SKILL_ID`, `SCORE`, `VERSION`, `CREATED`) VALUES ('141', '15', '13', '5.0', '0', '2016-03-26 19:08:10');
INSERT INTO PROFILE_has_SKILL (`ID`, `PROFILE_ID`, `SKILL_ID`, `SCORE`, `VERSION`, `CREATED`) VALUES ('142', '15', '27', '9.0', '0', '2016-03-26 19:08:10');
INSERT INTO PROFILE_has_SKILL (`ID`, `PROFILE_ID`, `SKILL_ID`, `SCORE`, `VERSION`, `CREATED`) VALUES ('143', '15', '15', '9.0', '0', '2016-03-26 19:08:10');
INSERT INTO PROFILE_has_SKILL (`ID`, `PROFILE_ID`, `SKILL_ID`, `SCORE`, `VERSION`, `CREATED`) VALUES ('144', '15', '5', '0.0', '0', '2016-03-26 19:08:10');
INSERT INTO PROFILE_has_SKILL (`ID`, `PROFILE_ID`, `SKILL_ID`, `SCORE`, `VERSION`, `CREATED`) VALUES ('145', '15', '8', '9.0', '0', '2016-03-26 19:08:10');
INSERT INTO PROFILE_has_SKILL (`ID`, `PROFILE_ID`, `SKILL_ID`, `SCORE`, `VERSION`, `CREATED`) VALUES ('146', '15', '24', '9.0', '0', '2016-03-26 19:08:10');
INSERT INTO PROFILE_has_SKILL (`ID`, `PROFILE_ID`, `SKILL_ID`, `SCORE`, `VERSION`, `CREATED`) VALUES ('147', '15', '18', '3.0', '0', '2016-03-26 19:08:10');
INSERT INTO PROFILE_has_SKILL (`ID`, `PROFILE_ID`, `SKILL_ID`, `SCORE`, `VERSION`, `CREATED`) VALUES ('148', '15', '19', '8.0', '0', '2016-03-26 19:08:10');
INSERT INTO PROFILE_has_SKILL (`ID`, `PROFILE_ID`, `SKILL_ID`, `SCORE`, `VERSION`, `CREATED`) VALUES ('149', '15', '10', '8.0', '0', '2016-03-26 19:08:10');
INSERT INTO PROFILE_has_SKILL (`ID`, `PROFILE_ID`, `SKILL_ID`, `SCORE`, `VERSION`, `CREATED`) VALUES ('150', '15', '3', '4.0', '0', '2016-03-26 19:08:10');

INSERT INTO PROFILE_has_SKILL (`ID`, `PROFILE_ID`, `SKILL_ID`, `SCORE`, `VERSION`, `CREATED`) VALUES ('151', '16', '8', '8.0', '0', '2016-03-26 19:08:10');
INSERT INTO PROFILE_has_SKILL (`ID`, `PROFILE_ID`, `SKILL_ID`, `SCORE`, `VERSION`, `CREATED`) VALUES ('152', '16', '4', '7.0', '0', '2016-03-26 19:08:10');
INSERT INTO PROFILE_has_SKILL (`ID`, `PROFILE_ID`, `SKILL_ID`, `SCORE`, `VERSION`, `CREATED`) VALUES ('153', '16', '6', '8.0', '0', '2016-03-26 19:08:10');
INSERT INTO PROFILE_has_SKILL (`ID`, `PROFILE_ID`, `SKILL_ID`, `SCORE`, `VERSION`, `CREATED`) VALUES ('154', '16', '7', '5.0', '0', '2016-03-26 19:08:10');
INSERT INTO PROFILE_has_SKILL (`ID`, `PROFILE_ID`, `SKILL_ID`, `SCORE`, `VERSION`, `CREATED`) VALUES ('155', '16', '33', '2.0', '0', '2016-03-26 19:08:10');
INSERT INTO PROFILE_has_SKILL (`ID`, `PROFILE_ID`, `SKILL_ID`, `SCORE`, `VERSION`, `CREATED`) VALUES ('156', '16', '14', '8.0', '0', '2016-03-26 19:08:10');
INSERT INTO PROFILE_has_SKILL (`ID`, `PROFILE_ID`, `SKILL_ID`, `SCORE`, `VERSION`, `CREATED`) VALUES ('157', '16', '22', '2.0', '0', '2016-03-26 19:08:10');
INSERT INTO PROFILE_has_SKILL (`ID`, `PROFILE_ID`, `SKILL_ID`, `SCORE`, `VERSION`, `CREATED`) VALUES ('158', '16', '20', '2.0', '0', '2016-03-26 19:08:10');
INSERT INTO PROFILE_has_SKILL (`ID`, `PROFILE_ID`, `SKILL_ID`, `SCORE`, `VERSION`, `CREATED`) VALUES ('159', '16', '1', '2.0', '0', '2016-03-26 19:08:10');
INSERT INTO PROFILE_has_SKILL (`ID`, `PROFILE_ID`, `SKILL_ID`, `SCORE`, `VERSION`, `CREATED`) VALUES ('160', '16', '24', '0.0', '0', '2016-03-26 19:08:10');

INSERT INTO PROFILE_has_SKILL (`ID`, `PROFILE_ID`, `SKILL_ID`, `SCORE`, `VERSION`, `CREATED`) VALUES ('161', '17', '14', '9.0', '0', '2016-03-26 19:08:10');
INSERT INTO PROFILE_has_SKILL (`ID`, `PROFILE_ID`, `SKILL_ID`, `SCORE`, `VERSION`, `CREATED`) VALUES ('162', '17', '5', '6.0', '0', '2016-03-26 19:08:10');
INSERT INTO PROFILE_has_SKILL (`ID`, `PROFILE_ID`, `SKILL_ID`, `SCORE`, `VERSION`, `CREATED`) VALUES ('163', '17', '22', '7.0', '0', '2016-03-26 19:08:10');
INSERT INTO PROFILE_has_SKILL (`ID`, `PROFILE_ID`, `SKILL_ID`, `SCORE`, `VERSION`, `CREATED`) VALUES ('164', '17', '11', '6.0', '0', '2016-03-26 19:08:10');
INSERT INTO PROFILE_has_SKILL (`ID`, `PROFILE_ID`, `SKILL_ID`, `SCORE`, `VERSION`, `CREATED`) VALUES ('165', '17', '10', '0.0', '0', '2016-03-26 19:08:10');
INSERT INTO PROFILE_has_SKILL (`ID`, `PROFILE_ID`, `SKILL_ID`, `SCORE`, `VERSION`, `CREATED`) VALUES ('166', '17', '21', '5.0', '0', '2016-03-26 19:08:10');
INSERT INTO PROFILE_has_SKILL (`ID`, `PROFILE_ID`, `SKILL_ID`, `SCORE`, `VERSION`, `CREATED`) VALUES ('167', '17', '15', '9.0', '0', '2016-03-26 19:08:10');
INSERT INTO PROFILE_has_SKILL (`ID`, `PROFILE_ID`, `SKILL_ID`, `SCORE`, `VERSION`, `CREATED`) VALUES ('168', '17', '32', '2.0', '0', '2016-03-26 19:08:10');
INSERT INTO PROFILE_has_SKILL (`ID`, `PROFILE_ID`, `SKILL_ID`, `SCORE`, `VERSION`, `CREATED`) VALUES ('169', '17', '25', '8.0', '0', '2016-03-26 19:08:10');
INSERT INTO PROFILE_has_SKILL (`ID`, `PROFILE_ID`, `SKILL_ID`, `SCORE`, `VERSION`, `CREATED`) VALUES ('170', '17', '29', '2.0', '0', '2016-03-26 19:08:10');

INSERT INTO PROFILE_has_SKILL (`ID`, `PROFILE_ID`, `SKILL_ID`, `SCORE`, `VERSION`, `CREATED`) VALUES ('171', '18', '21', '8.0', '0', '2016-03-26 19:08:10');
INSERT INTO PROFILE_has_SKILL (`ID`, `PROFILE_ID`, `SKILL_ID`, `SCORE`, `VERSION`, `CREATED`) VALUES ('172', '18', '12', '5.0', '0', '2016-03-26 19:08:10');
INSERT INTO PROFILE_has_SKILL (`ID`, `PROFILE_ID`, `SKILL_ID`, `SCORE`, `VERSION`, `CREATED`) VALUES ('173', '18', '18', '7.0', '0', '2016-03-26 19:08:10');
INSERT INTO PROFILE_has_SKILL (`ID`, `PROFILE_ID`, `SKILL_ID`, `SCORE`, `VERSION`, `CREATED`) VALUES ('174', '18', '27', '3.0', '0', '2016-03-26 19:08:10');
INSERT INTO PROFILE_has_SKILL (`ID`, `PROFILE_ID`, `SKILL_ID`, `SCORE`, `VERSION`, `CREATED`) VALUES ('175', '18', '6', '5.0', '0', '2016-03-26 19:08:10');
INSERT INTO PROFILE_has_SKILL (`ID`, `PROFILE_ID`, `SKILL_ID`, `SCORE`, `VERSION`, `CREATED`) VALUES ('176', '18', '7', '7.0', '0', '2016-03-26 19:08:10');
INSERT INTO PROFILE_has_SKILL (`ID`, `PROFILE_ID`, `SKILL_ID`, `SCORE`, `VERSION`, `CREATED`) VALUES ('177', '18', '13', '3.0', '0', '2016-03-26 19:08:10');
INSERT INTO PROFILE_has_SKILL (`ID`, `PROFILE_ID`, `SKILL_ID`, `SCORE`, `VERSION`, `CREATED`) VALUES ('178', '18', '20', '8.0', '0', '2016-03-26 19:08:10');
INSERT INTO PROFILE_has_SKILL (`ID`, `PROFILE_ID`, `SKILL_ID`, `SCORE`, `VERSION`, `CREATED`) VALUES ('179', '18', '23', '3.0', '0', '2016-03-26 19:08:10');
INSERT INTO PROFILE_has_SKILL (`ID`, `PROFILE_ID`, `SKILL_ID`, `SCORE`, `VERSION`, `CREATED`) VALUES ('180', '18', '15', '8.0', '0', '2016-03-26 19:08:10');

INSERT INTO PROFILE_has_SKILL (`ID`, `PROFILE_ID`, `SKILL_ID`, `SCORE`, `VERSION`, `CREATED`) VALUES ('181', '19', '6', '6.0', '0', '2016-03-26 19:08:10');
INSERT INTO PROFILE_has_SKILL (`ID`, `PROFILE_ID`, `SKILL_ID`, `SCORE`, `VERSION`, `CREATED`) VALUES ('182', '19', '18', '5.0', '0', '2016-03-26 19:08:10');
INSERT INTO PROFILE_has_SKILL (`ID`, `PROFILE_ID`, `SKILL_ID`, `SCORE`, `VERSION`, `CREATED`) VALUES ('183', '19', '15', '0.0', '0', '2016-03-26 19:08:10');
INSERT INTO PROFILE_has_SKILL (`ID`, `PROFILE_ID`, `SKILL_ID`, `SCORE`, `VERSION`, `CREATED`) VALUES ('184', '19', '22', '8.0', '0', '2016-03-26 19:08:10');
INSERT INTO PROFILE_has_SKILL (`ID`, `PROFILE_ID`, `SKILL_ID`, `SCORE`, `VERSION`, `CREATED`) VALUES ('185', '19', '31', '6.0', '0', '2016-03-26 19:08:10');
INSERT INTO PROFILE_has_SKILL (`ID`, `PROFILE_ID`, `SKILL_ID`, `SCORE`, `VERSION`, `CREATED`) VALUES ('186', '19', '10', '9.0', '0', '2016-03-26 19:08:10');
INSERT INTO PROFILE_has_SKILL (`ID`, `PROFILE_ID`, `SKILL_ID`, `SCORE`, `VERSION`, `CREATED`) VALUES ('187', '19', '16', '9.0', '0', '2016-03-26 19:08:10');
INSERT INTO PROFILE_has_SKILL (`ID`, `PROFILE_ID`, `SKILL_ID`, `SCORE`, `VERSION`, `CREATED`) VALUES ('188', '19', '9', '5.0', '0', '2016-03-26 19:08:10');
INSERT INTO PROFILE_has_SKILL (`ID`, `PROFILE_ID`, `SKILL_ID`, `SCORE`, `VERSION`, `CREATED`) VALUES ('189', '19', '21', '9.0', '0', '2016-03-26 19:08:10');
INSERT INTO PROFILE_has_SKILL (`ID`, `PROFILE_ID`, `SKILL_ID`, `SCORE`, `VERSION`, `CREATED`) VALUES ('190', '19', '29', '3.0', '0', '2016-03-26 19:08:10');

INSERT INTO PROFILE_has_SKILL (`ID`, `PROFILE_ID`, `SKILL_ID`, `SCORE`, `VERSION`, `CREATED`) VALUES ('191', '20', '20', '2.0', '0', '2016-03-26 19:08:10');
INSERT INTO PROFILE_has_SKILL (`ID`, `PROFILE_ID`, `SKILL_ID`, `SCORE`, `VERSION`, `CREATED`) VALUES ('192', '20', '26', '7.0', '0', '2016-03-26 19:08:10');
INSERT INTO PROFILE_has_SKILL (`ID`, `PROFILE_ID`, `SKILL_ID`, `SCORE`, `VERSION`, `CREATED`) VALUES ('193', '20', '24', '4.0', '0', '2016-03-26 19:08:10');
INSERT INTO PROFILE_has_SKILL (`ID`, `PROFILE_ID`, `SKILL_ID`, `SCORE`, `VERSION`, `CREATED`) VALUES ('194', '20', '16', '9.0', '0', '2016-03-26 19:08:10');
INSERT INTO PROFILE_has_SKILL (`ID`, `PROFILE_ID`, `SKILL_ID`, `SCORE`, `VERSION`, `CREATED`) VALUES ('195', '20', '31', '1.0', '0', '2016-03-26 19:08:10');
INSERT INTO PROFILE_has_SKILL (`ID`, `PROFILE_ID`, `SKILL_ID`, `SCORE`, `VERSION`, `CREATED`) VALUES ('196', '20', '6', '3.0', '0', '2016-03-26 19:08:10');
INSERT INTO PROFILE_has_SKILL (`ID`, `PROFILE_ID`, `SKILL_ID`, `SCORE`, `VERSION`, `CREATED`) VALUES ('197', '20', '4', '6.0', '0', '2016-03-26 19:08:10');
INSERT INTO PROFILE_has_SKILL (`ID`, `PROFILE_ID`, `SKILL_ID`, `SCORE`, `VERSION`, `CREATED`) VALUES ('198', '20', '8', '2.0', '0', '2016-03-26 19:08:10');
INSERT INTO PROFILE_has_SKILL (`ID`, `PROFILE_ID`, `SKILL_ID`, `SCORE`, `VERSION`, `CREATED`) VALUES ('199', '20', '13', '9.0', '0', '2016-03-26 19:08:10');
INSERT INTO PROFILE_has_SKILL (`ID`, `PROFILE_ID`, `SKILL_ID`, `SCORE`, `VERSION`, `CREATED`) VALUES ('200', '20', '14', '3.0', '0', '2016-03-26 19:08:10');

INSERT INTO PROFILE_has_SKILL (`ID`, `PROFILE_ID`, `SKILL_ID`, `SCORE`, `VERSION`, `CREATED`) VALUES ('201', '21', '30', '2.0', '0', '2016-03-26 19:08:10');
INSERT INTO PROFILE_has_SKILL (`ID`, `PROFILE_ID`, `SKILL_ID`, `SCORE`, `VERSION`, `CREATED`) VALUES ('202', '21', '2', '1.0', '0', '2016-03-26 19:08:10');
INSERT INTO PROFILE_has_SKILL (`ID`, `PROFILE_ID`, `SKILL_ID`, `SCORE`, `VERSION`, `CREATED`) VALUES ('203', '21', '6', '0.0', '0', '2016-03-26 19:08:10');
INSERT INTO PROFILE_has_SKILL (`ID`, `PROFILE_ID`, `SKILL_ID`, `SCORE`, `VERSION`, `CREATED`) VALUES ('204', '21', '27', '5.0', '0', '2016-03-26 19:08:10');
INSERT INTO PROFILE_has_SKILL (`ID`, `PROFILE_ID`, `SKILL_ID`, `SCORE`, `VERSION`, `CREATED`) VALUES ('205', '21', '21', '7.0', '0', '2016-03-26 19:08:10');
INSERT INTO PROFILE_has_SKILL (`ID`, `PROFILE_ID`, `SKILL_ID`, `SCORE`, `VERSION`, `CREATED`) VALUES ('206', '21', '15', '8.0', '0', '2016-03-26 19:08:10');
INSERT INTO PROFILE_has_SKILL (`ID`, `PROFILE_ID`, `SKILL_ID`, `SCORE`, `VERSION`, `CREATED`) VALUES ('207', '21', '4', '4.0', '0', '2016-03-26 19:08:10');
INSERT INTO PROFILE_has_SKILL (`ID`, `PROFILE_ID`, `SKILL_ID`, `SCORE`, `VERSION`, `CREATED`) VALUES ('208', '21', '22', '8.0', '0', '2016-03-26 19:08:10');
INSERT INTO PROFILE_has_SKILL (`ID`, `PROFILE_ID`, `SKILL_ID`, `SCORE`, `VERSION`, `CREATED`) VALUES ('209', '21', '28', '9.0', '0', '2016-03-26 19:08:10');
INSERT INTO PROFILE_has_SKILL (`ID`, `PROFILE_ID`, `SKILL_ID`, `SCORE`, `VERSION`, `CREATED`) VALUES ('210', '21', '25', '0.0', '0', '2016-03-26 19:08:10');

INSERT INTO PROFILE_has_SKILL (`ID`, `PROFILE_ID`, `SKILL_ID`, `SCORE`, `VERSION`, `CREATED`) VALUES ('211', '22', '21', '6.0', '0', '2016-03-26 19:08:10');
INSERT INTO PROFILE_has_SKILL (`ID`, `PROFILE_ID`, `SKILL_ID`, `SCORE`, `VERSION`, `CREATED`) VALUES ('212', '22', '31', '4.0', '0', '2016-03-26 19:08:10');
INSERT INTO PROFILE_has_SKILL (`ID`, `PROFILE_ID`, `SKILL_ID`, `SCORE`, `VERSION`, `CREATED`) VALUES ('213', '22', '25', '1.0', '0', '2016-03-26 19:08:10');
INSERT INTO PROFILE_has_SKILL (`ID`, `PROFILE_ID`, `SKILL_ID`, `SCORE`, `VERSION`, `CREATED`) VALUES ('214', '22', '3', '8.0', '0', '2016-03-26 19:08:10');
INSERT INTO PROFILE_has_SKILL (`ID`, `PROFILE_ID`, `SKILL_ID`, `SCORE`, `VERSION`, `CREATED`) VALUES ('215', '22', '30', '4.0', '0', '2016-03-26 19:08:10');
INSERT INTO PROFILE_has_SKILL (`ID`, `PROFILE_ID`, `SKILL_ID`, `SCORE`, `VERSION`, `CREATED`) VALUES ('216', '22', '10', '1.0', '0', '2016-03-26 19:08:10');
INSERT INTO PROFILE_has_SKILL (`ID`, `PROFILE_ID`, `SKILL_ID`, `SCORE`, `VERSION`, `CREATED`) VALUES ('217', '22', '13', '4.0', '0', '2016-03-26 19:08:10');
INSERT INTO PROFILE_has_SKILL (`ID`, `PROFILE_ID`, `SKILL_ID`, `SCORE`, `VERSION`, `CREATED`) VALUES ('218', '22', '17', '8.0', '0', '2016-03-26 19:08:10');
INSERT INTO PROFILE_has_SKILL (`ID`, `PROFILE_ID`, `SKILL_ID`, `SCORE`, `VERSION`, `CREATED`) VALUES ('219', '22', '4', '1.0', '0', '2016-03-26 19:08:10');
INSERT INTO PROFILE_has_SKILL (`ID`, `PROFILE_ID`, `SKILL_ID`, `SCORE`, `VERSION`, `CREATED`) VALUES ('220', '22', '2', '8.0', '0', '2016-03-26 19:08:10');

INSERT INTO PROFILE_has_SKILL (`ID`, `PROFILE_ID`, `SKILL_ID`, `SCORE`, `VERSION`, `CREATED`) VALUES ('221', '23', '6', '0.0', '0', '2016-03-26 19:08:10');
INSERT INTO PROFILE_has_SKILL (`ID`, `PROFILE_ID`, `SKILL_ID`, `SCORE`, `VERSION`, `CREATED`) VALUES ('222', '23', '2', '9.0', '0', '2016-03-26 19:08:10');
INSERT INTO PROFILE_has_SKILL (`ID`, `PROFILE_ID`, `SKILL_ID`, `SCORE`, `VERSION`, `CREATED`) VALUES ('223', '23', '12', '9.0', '0', '2016-03-26 19:08:10');
INSERT INTO PROFILE_has_SKILL (`ID`, `PROFILE_ID`, `SKILL_ID`, `SCORE`, `VERSION`, `CREATED`) VALUES ('224', '23', '26', '7.0', '0', '2016-03-26 19:08:10');
INSERT INTO PROFILE_has_SKILL (`ID`, `PROFILE_ID`, `SKILL_ID`, `SCORE`, `VERSION`, `CREATED`) VALUES ('225', '23', '22', '1.0', '0', '2016-03-26 19:08:10');
INSERT INTO PROFILE_has_SKILL (`ID`, `PROFILE_ID`, `SKILL_ID`, `SCORE`, `VERSION`, `CREATED`) VALUES ('226', '23', '15', '9.0', '0', '2016-03-26 19:08:10');
INSERT INTO PROFILE_has_SKILL (`ID`, `PROFILE_ID`, `SKILL_ID`, `SCORE`, `VERSION`, `CREATED`) VALUES ('227', '23', '14', '6.0', '0', '2016-03-26 19:08:10');
INSERT INTO PROFILE_has_SKILL (`ID`, `PROFILE_ID`, `SKILL_ID`, `SCORE`, `VERSION`, `CREATED`) VALUES ('228', '23', '30', '1.0', '0', '2016-03-26 19:08:10');
INSERT INTO PROFILE_has_SKILL (`ID`, `PROFILE_ID`, `SKILL_ID`, `SCORE`, `VERSION`, `CREATED`) VALUES ('229', '23', '4', '8.0', '0', '2016-03-26 19:08:10');
INSERT INTO PROFILE_has_SKILL (`ID`, `PROFILE_ID`, `SKILL_ID`, `SCORE`, `VERSION`, `CREATED`) VALUES ('230', '23', '10', '4.0', '0', '2016-03-26 19:08:10');

INSERT INTO PROFILE_has_SKILL (`ID`, `PROFILE_ID`, `SKILL_ID`, `SCORE`, `VERSION`, `CREATED`) VALUES ('231', '24', '27', '5.0', '0', '2016-03-26 19:08:10');
INSERT INTO PROFILE_has_SKILL (`ID`, `PROFILE_ID`, `SKILL_ID`, `SCORE`, `VERSION`, `CREATED`) VALUES ('232', '24', '5', '1.0', '0', '2016-03-26 19:08:10');
INSERT INTO PROFILE_has_SKILL (`ID`, `PROFILE_ID`, `SKILL_ID`, `SCORE`, `VERSION`, `CREATED`) VALUES ('233', '24', '26', '9.0', '0', '2016-03-26 19:08:10');
INSERT INTO PROFILE_has_SKILL (`ID`, `PROFILE_ID`, `SKILL_ID`, `SCORE`, `VERSION`, `CREATED`) VALUES ('234', '24', '6', '4.0', '0', '2016-03-26 19:08:10');
INSERT INTO PROFILE_has_SKILL (`ID`, `PROFILE_ID`, `SKILL_ID`, `SCORE`, `VERSION`, `CREATED`) VALUES ('235', '24', '30', '4.0', '0', '2016-03-26 19:08:10');
INSERT INTO PROFILE_has_SKILL (`ID`, `PROFILE_ID`, `SKILL_ID`, `SCORE`, `VERSION`, `CREATED`) VALUES ('236', '24', '19', '3.0', '0', '2016-03-26 19:08:10');
INSERT INTO PROFILE_has_SKILL (`ID`, `PROFILE_ID`, `SKILL_ID`, `SCORE`, `VERSION`, `CREATED`) VALUES ('237', '24', '15', '7.0', '0', '2016-03-26 19:08:10');
INSERT INTO PROFILE_has_SKILL (`ID`, `PROFILE_ID`, `SKILL_ID`, `SCORE`, `VERSION`, `CREATED`) VALUES ('238', '24', '16', '9.0', '0', '2016-03-26 19:08:10');
INSERT INTO PROFILE_has_SKILL (`ID`, `PROFILE_ID`, `SKILL_ID`, `SCORE`, `VERSION`, `CREATED`) VALUES ('239', '24', '21', '1.0', '0', '2016-03-26 19:08:10');
INSERT INTO PROFILE_has_SKILL (`ID`, `PROFILE_ID`, `SKILL_ID`, `SCORE`, `VERSION`, `CREATED`) VALUES ('240', '24', '9', '3.0', '0', '2016-03-26 19:08:10');

INSERT INTO PROFILE_has_SKILL (`ID`, `PROFILE_ID`, `SKILL_ID`, `SCORE`, `VERSION`, `CREATED`) VALUES ('241', '25', '5', '0.0', '0', '2016-03-26 19:08:10');
INSERT INTO PROFILE_has_SKILL (`ID`, `PROFILE_ID`, `SKILL_ID`, `SCORE`, `VERSION`, `CREATED`) VALUES ('242', '25', '10', '0.0', '0', '2016-03-26 19:08:10');
INSERT INTO PROFILE_has_SKILL (`ID`, `PROFILE_ID`, `SKILL_ID`, `SCORE`, `VERSION`, `CREATED`) VALUES ('243', '25', '20', '9.0', '0', '2016-03-26 19:08:10');
INSERT INTO PROFILE_has_SKILL (`ID`, `PROFILE_ID`, `SKILL_ID`, `SCORE`, `VERSION`, `CREATED`) VALUES ('244', '25', '6', '4.0', '0', '2016-03-26 19:08:10');
INSERT INTO PROFILE_has_SKILL (`ID`, `PROFILE_ID`, `SKILL_ID`, `SCORE`, `VERSION`, `CREATED`) VALUES ('245', '25', '19', '4.0', '0', '2016-03-26 19:08:10');
INSERT INTO PROFILE_has_SKILL (`ID`, `PROFILE_ID`, `SKILL_ID`, `SCORE`, `VERSION`, `CREATED`) VALUES ('246', '25', '23', '1.0', '0', '2016-03-26 19:08:10');
INSERT INTO PROFILE_has_SKILL (`ID`, `PROFILE_ID`, `SKILL_ID`, `SCORE`, `VERSION`, `CREATED`) VALUES ('247', '25', '29', '6.0', '0', '2016-03-26 19:08:10');
INSERT INTO PROFILE_has_SKILL (`ID`, `PROFILE_ID`, `SKILL_ID`, `SCORE`, `VERSION`, `CREATED`) VALUES ('248', '25', '11', '6.0', '0', '2016-03-26 19:08:10');
INSERT INTO PROFILE_has_SKILL (`ID`, `PROFILE_ID`, `SKILL_ID`, `SCORE`, `VERSION`, `CREATED`) VALUES ('249', '25', '17', '6.0', '0', '2016-03-26 19:08:10');
INSERT INTO PROFILE_has_SKILL (`ID`, `PROFILE_ID`, `SKILL_ID`, `SCORE`, `VERSION`, `CREATED`) VALUES ('250', '25', '3', '0.0', '0', '2016-03-26 19:08:10');

# Insert teams
INSERT INTO TEAM (ID, NAME, PROJECT, OWNER_ID)
	VALUES (1, 'WORLDPAY Team 1', 'WORLDPAY', 2);
INSERT INTO TEAM_has_MEMBER(TEAM_ID, USER_ID)
    VALUES(1, 2);
INSERT INTO TEAM_has_MEMBER(TEAM_ID, USER_ID)
    VALUES(1, 6);

INSERT INTO TEAM (ID, NAME, PROJECT, OWNER_ID)
	VALUES (2, 'WORLDPAY Team 2', 'WORLDPAY', 3);
INSERT INTO TEAM_has_MEMBER(TEAM_ID, USER_ID)
    VALUES(2, 3);

INSERT INTO TEAM (ID, NAME, PROJECT, OWNER_ID)
	VALUES (3, 'PAYPOINT', 'PAYPOINT', 4);
INSERT INTO TEAM_has_MEMBER(TEAM_ID, USER_ID)
    VALUES(2, 4);
